"recipient_iso","year","emergency_commitments"
"AFG",2008,748.739127
"AFG",2009,805.738637
"AFG",2010,660.204938
"AFG",2011,677.537103
"AFG",2012,671.140605
"AFG",2013,493.309418
"AFG",2014,470.226784
"AFG",2015,329.459525
"AFG",2016,630.802086
"AFG",2017,456.985746
"AFG",2018,517.683738
"AFG",2019,480.146806
"AFG",2020,470.805103
"AFG",2021,3712.770312
"AFG",2022,1868.548605
"AFG",2023,628.783338
"AFG",2024,882.28313
"AGO",2008,4.344509
"AGO",2009,2.70561
"AGO",2010,4.852341
"AGO",2011,4.582066
"AGO",2012,1.031825
"AGO",2013,11.741182
"AGO",2014,9.006225
"AGO",2015,4.289424
"AGO",2016,6.135436
"AGO",2017,32.042012
"AGO",2018,18.975578
"AGO",2019,19.052501
"AGO",2020,19.018391
"AGO",2021,14.366876
"AGO",2022,379.253142
"AGO",2023,119.790223
"AGO",2024,15.980512
"ALB",2008,29.9795
"ALB",2009,0.760614
"ALB",2010,2.091733
"ALB",2011,9.670919
"ALB",2012,1.758696
"ALB",2013,0.759116
"ALB",2014,0.628883
"ALB",2015,0.530462
"ALB",2016,2.513869
"ALB",2017,1.55786
"ALB",2018,8.145968
"ALB",2019,11.572091
"ALB",2020,239.872693
"ALB",2021,4.483602
"ALB",2022,22.566303
"ALB",2023,55.588924
"ALB",2024,11.554093
"ARG",2008,0.784874
"ARG",2009,0.520465
"ARG",2010,0.43329
"ARG",2011,24.554738
"ARG",2012,0.096377
"ARG",2013,0.422138
"ARG",2014,0.026991
"ARG",2015,0.24929
"ARG",2016,27.223968
"ARG",2017,11.605862
"ARG",2018,27.439453
"ARG",2019,6.537319
"ARG",2020,6.96492
"ARG",2021,2.359366
"ARG",2022,81.810906
"ARG",2023,156.100194
"ARG",2024,0.720564
"ARM",2008,1.260967
"ARM",2009,7.475095
"ARM",2010,5.89199
"ARM",2011,4.091163
"ARM",2012,3.841491
"ARM",2013,3.495559
"ARM",2014,2.802069
"ARM",2015,38.705919
"ARM",2016,54.634454
"ARM",2017,1.12802
"ARM",2018,1.317526
"ARM",2019,2.219103
"ARM",2020,8.276937
"ARM",2021,14.549608
"ARM",2022,8.74488
"ARM",2023,47.965384
"ARM",2024,29.328877
"ATG",2008,0
"ATG",2009,0.33025
"ATG",2010,0
"ATG",2011,0
"ATG",2012,0
"ATG",2013,0.245508
"ATG",2014,0.001427
"ATG",2015,0
"ATG",2016,0.010784
"ATG",2017,55.48592
"ATG",2018,9.632606
"ATG",2019,0
"ATG",2020,7.649685
"ATG",2021,0.003341
"ATG",2022,0
"ATG",2023,0
"ATG",2024,0
"AZE",2008,4.085086
"AZE",2009,4.262202
"AZE",2010,0.657786
"AZE",2011,41.583617
"AZE",2012,2.756873
"AZE",2013,1.256685
"AZE",2014,1.460743
"AZE",2015,1.219173
"AZE",2016,60.807128
"AZE",2017,0.053473
"AZE",2018,2.937937
"AZE",2019,2.849711
"AZE",2020,9.02969
"AZE",2021,7.643725
"AZE",2022,2.03729
"AZE",2023,2.930558
"AZE",2024,1.520056
"BDI",2008,89.918486
"BDI",2009,100.151587
"BDI",2010,58.490007
"BDI",2011,55.253165
"BDI",2012,36.541173
"BDI",2013,41.274297
"BDI",2014,24.397912
"BDI",2015,57.233241
"BDI",2016,70.699363
"BDI",2017,82.377757
"BDI",2018,74.448002
"BDI",2019,65.560032
"BDI",2020,87.381263
"BDI",2021,81.724793
"BDI",2022,142.59665
"BDI",2023,33.780053
"BDI",2024,187.09633
"BEN",2008,0.551174
"BEN",2009,0.450416
"BEN",2010,12.051245
"BEN",2011,41.391475
"BEN",2012,0.376653
"BEN",2013,1.187982
"BEN",2014,0.337858
"BEN",2015,3.624305
"BEN",2016,0.647802
"BEN",2017,0.735294
"BEN",2018,17.204341
"BEN",2019,3.017507
"BEN",2020,4.262316
"BEN",2021,200.28618
"BEN",2022,104.573713
"BEN",2023,76.660228
"BEN",2024,61.438305
"BFA",2008,16.435474
"BFA",2009,25.923453
"BFA",2010,46.204666
"BFA",2011,15.527483
"BFA",2012,52.195752
"BFA",2013,34.435268
"BFA",2014,18.269842
"BFA",2015,21.573773
"BFA",2016,17.985809
"BFA",2017,21.565277
"BFA",2018,128.628487
"BFA",2019,85.360392
"BFA",2020,211.87491
"BFA",2021,361.89479
"BFA",2022,254.874945
"BFA",2023,201.385262
"BFA",2024,385.413105
"BGD",2008,633.938699
"BGD",2009,150.947425
"BGD",2010,167.114659
"BGD",2011,98.403357
"BGD",2012,94.291894
"BGD",2013,376.635539
"BGD",2014,444.900992
"BGD",2015,268.527401
"BGD",2016,290.572978
"BGD",2017,368.512196
"BGD",2018,639.719184
"BGD",2019,745.979534
"BGD",2020,754.62456
"BGD",2021,452.591703
"BGD",2022,1839.599523
"BGD",2023,588.518071
"BGD",2024,867.750336999999
"BIH",2008,2.288819
"BIH",2009,7.599548
"BIH",2010,2.718354
"BIH",2011,1.887607
"BIH",2012,1.094371
"BIH",2013,2.043433
"BIH",2014,183.616373
"BIH",2015,8.902873
"BIH",2016,38.390361
"BIH",2017,143.72594
"BIH",2018,16.617177
"BIH",2019,3.812934
"BIH",2020,17.085086
"BIH",2021,7.378436
"BIH",2022,38.144126
"BIH",2023,22.201309
"BIH",2024,46.717495
"BLR",2008,2.498834
"BLR",2009,0.260294
"BLR",2010,0.50745
"BLR",2011,0.1443
"BLR",2012,0.131868
"BLR",2013,0.00178
"BLR",2014,0.229778
"BLR",2015,0.128435
"BLR",2016,0.01537
"BLR",2017,0.089513
"BLR",2018,0.72452
"BLR",2019,1.128818
"BLR",2020,19.115079
"BLR",2021,2.028984
"BLR",2022,2.823312
"BLR",2023,0.207486
"BLR",2024,0.431767
"BLZ",2008,0.378501
"BLZ",2009,0.53618
"BLZ",2010,0.755937
"BLZ",2011,0.273859
"BLZ",2012,1.059065
"BLZ",2013,3.411381
"BLZ",2014,3.007
"BLZ",2015,0.00379
"BLZ",2016,2.530271
"BLZ",2017,1.472933
"BLZ",2018,1.797399
"BLZ",2019,1.520568
"BLZ",2020,1.747114
"BLZ",2021,3.523824
"BLZ",2022,9.89080200000001
"BLZ",2023,4.46075
"BLZ",2024,4.081893
"BOL",2008,25.542888
"BOL",2009,7.83714
"BOL",2010,7.24071
"BOL",2011,3.276817
"BOL",2012,1.630885
"BOL",2013,2.096561
"BOL",2014,6.545435
"BOL",2015,360.5988
"BOL",2016,124.637865
"BOL",2017,13.96316
"BOL",2018,1.618175
"BOL",2019,5.630904
"BOL",2020,31.186773
"BOL",2021,3.612878
"BOL",2022,200.906273
"BOL",2023,3.795682
"BOL",2024,48.960765
"BRA",2008,5.190128
"BRA",2009,1.205961
"BRA",2010,1.407744
"BRA",2011,68.054738
"BRA",2012,166.819334
"BRA",2013,0.594917
"BRA",2014,25.624529
"BRA",2015,3.417247
"BRA",2016,3.30834
"BRA",2017,4.53306
"BRA",2018,16.489062
"BRA",2019,107.213294
"BRA",2020,51.531258
"BRA",2021,33.113793
"BRA",2022,273.300451
"BRA",2023,188.129132
"BRA",2024,360.929835
"BRB",2008,0.133128
"BRB",2009,0.347072
"BRB",2010,34.371283
"BRB",2011,0
"BRB",2012,0
"BRB",2013,0
"BRB",2014,0
"BRB",2015,0
"BRB",2016,0
"BRB",2017,0
"BRB",2018,0
"BRB",2019,0
"BRB",2020,0
"BRB",2021,0
"BRB",2022,0
"BRB",2023,0
"BRB",2024,0
"BTN",2008,0.499954
"BTN",2009,1.143243
"BTN",2010,0.753644
"BTN",2011,1.067357
"BTN",2012,18.439485
"BTN",2013,0.129715
"BTN",2014,0.554727
"BTN",2015,5.899079
"BTN",2016,29.610843
"BTN",2017,7.52756
"BTN",2018,0.197282
"BTN",2019,0.415359
"BTN",2020,1.463651
"BTN",2021,0.312599
"BTN",2022,6.268305
"BTN",2023,0.952111
"BTN",2024,40.884217
"BWA",2008,0.316944
"BWA",2009,1.279707
"BWA",2010,0.25931
"BWA",2011,3.299062
"BWA",2012,0.527859
"BWA",2013,0.162426
"BWA",2014,0.034933
"BWA",2015,0.450959
"BWA",2016,2.767764
"BWA",2017,2.204148
"BWA",2018,1.674985
"BWA",2019,1.305622
"BWA",2020,0.353605
"BWA",2021,0.826063
"BWA",2022,0.357234
"BWA",2023,0.68698
"BWA",2024,0.70059
"CAF",2008,73.015015
"CAF",2009,44.874655
"CAF",2010,59.243239
"CAF",2011,66.743072
"CAF",2012,67.32567
"CAF",2013,156.050654
"CAF",2014,364.151612
"CAF",2015,394.324131
"CAF",2016,279.032966
"CAF",2017,261.88585
"CAF",2018,367.144455
"CAF",2019,365.438531
"CAF",2020,307.479431
"CAF",2021,274.641801
"CAF",2022,349.584535
"CAF",2023,238.205654
"CAF",2024,173.234153
"CHL",2008,0.464395
"CHL",2009,1.254034
"CHL",2010,41.774535
"CHL",2011,1.937346
"CHL",2012,3.480459
"CHL",2013,0.797668
"CHL",2014,1.311147
"CHL",2015,2.806094
"CHL",2016,2.330439
"CHL",2017,3.355398
"CHL",2018,0
"CHL",2019,0
"CHL",2020,0
"CHL",2021,0
"CHL",2022,0
"CHL",2023,0
"CHL",2024,0
"CHN",2008,109.8141
"CHN",2009,491.832167
"CHN",2010,33.1008
"CHN",2011,9.73177900000001
"CHN",2012,3.741541
"CHN",2013,43.916908
"CHN",2014,85.296191
"CHN",2015,5.640761
"CHN",2016,3.251147
"CHN",2017,6.702321
"CHN",2018,4.226351
"CHN",2019,112.564371
"CHN",2020,7.629124
"CHN",2021,1048.707152
"CHN",2022,107.859004
"CHN",2023,125.615482
"CHN",2024,16.697763
"CIV",2008,16.756844
"CIV",2009,43.588808
"CIV",2010,18.759577
"CIV",2011,299.515419
"CIV",2012,201.532614
"CIV",2013,51.807309
"CIV",2014,17.124583
"CIV",2015,14.385914
"CIV",2016,92.845483
"CIV",2017,9.710569
"CIV",2018,25.888851
"CIV",2019,10.793844
"CIV",2020,9.935897
"CIV",2021,19.216511
"CIV",2022,183.118521
"CIV",2023,300.456103
"CIV",2024,130.396369
"CMR",2008,20.327973
"CMR",2009,15.326427
"CMR",2010,16.557426
"CMR",2011,11.107596
"CMR",2012,11.655328
"CMR",2013,10.209305
"CMR",2014,50.5392
"CMR",2015,201.447411
"CMR",2016,106.49582
"CMR",2017,99.438301
"CMR",2018,122.630125
"CMR",2019,155.316854
"CMR",2020,162.654595
"CMR",2021,205.22849
"CMR",2022,465.427736
"CMR",2023,294.878123
"CMR",2024,104.361604
"COD",2008,499.471083
"COD",2009,697.930666
"COD",2010,484.895512
"COD",2011,446.504931
"COD",2012,461.269835
"COD",2013,545.038282
"COD",2014,474.619615
"COD",2015,346.60809
"COD",2016,416.695841
"COD",2017,713.3149
"COD",2018,736.958835
"COD",2019,1232.87178
"COD",2020,981.154318
"COD",2021,1076.567562
"COD",2022,1217.300873
"COD",2023,1150.530285
"COD",2024,950.587384
"COG",2008,2.463837
"COG",2009,3.284911
"COG",2010,31.739039
"COG",2011,2.631962
"COG",2012,9.74661
"COG",2013,2.313798
"COG",2014,3.439932
"COG",2015,21.459263
"COG",2016,12.492304
"COG",2017,21.413957
"COG",2018,22.529775
"COG",2019,29.263426
"COG",2020,24.227179
"COG",2021,23.897995
"COG",2022,83.8506730000001
"COG",2023,66.337235
"COG",2024,10.50133
"COL",2008,249.962275
"COL",2009,98.688304
"COL",2010,81.152697
"COL",2011,212.484738
"COL",2012,303.316759
"COL",2013,80.981612
"COL",2014,184.472497
"COL",2015,73.054239
"COL",2016,70.086586
"COL",2017,121.802377
"COL",2018,180.472117
"COL",2019,362.42354
"COL",2020,522.619122
"COL",2021,707.210513
"COL",2022,572.921356
"COL",2023,234.016569
"COL",2024,544.172014
"COM",2008,1.458661
"COM",2009,0.241963
"COM",2010,3.987645
"COM",2011,0.039728
"COM",2012,2.065538
"COM",2013,0.039266
"COM",2014,0.164323
"COM",2015,3.167293
"COM",2016,0.941985
"COM",2017,0.775119
"COM",2018,0.324285
"COM",2019,55.206213
"COM",2020,2.814678
"COM",2021,5.915495
"COM",2022,48.140059
"COM",2023,9.854819
"COM",2024,18.067752
"CPV",2008,2.482298
"CPV",2009,1.10261
"CPV",2010,6.866304
"CPV",2011,1.487218
"CPV",2012,2.506213
"CPV",2013,0.042377
"CPV",2014,4.512525
"CPV",2015,0.313319
"CPV",2016,1.341183
"CPV",2017,0.811456
"CPV",2018,0.118572
"CPV",2019,10.596102
"CPV",2020,0.667341
"CPV",2021,0.242176
"CPV",2022,22.366856
"CPV",2023,13.2017
"CPV",2024,1.644968
"CRI",2008,74.346701
"CRI",2009,0.872053
"CRI",2010,1.474697
"CRI",2011,0.377491
"CRI",2012,0.497633
"CRI",2013,0.247626
"CRI",2014,2.956106
"CRI",2015,5.625931
"CRI",2016,2.238676
"CRI",2017,1.430804
"CRI",2018,8.152516
"CRI",2019,11.388571
"CRI",2020,11.885182
"CRI",2021,7.439569
"CRI",2022,9.052342
"CRI",2023,220.372792
"CRI",2024,373.425178
"CUB",2008,21.178714
"CUB",2009,25.492068
"CUB",2010,4.12067
"CUB",2011,1.634469
"CUB",2012,16.203194
"CUB",2013,3.006553
"CUB",2014,6.450072
"CUB",2015,3.149251
"CUB",2016,6.591199
"CUB",2017,26.75971
"CUB",2018,8.291708
"CUB",2019,2.910402
"CUB",2020,0.982158
"CUB",2021,1.435148
"CUB",2022,13.398417
"CUB",2023,3.699993
"CUB",2024,13.573734
"DJI",2008,17.273551
"DJI",2009,9.820754
"DJI",2010,15.944327
"DJI",2011,34.164524
"DJI",2012,11.124411
"DJI",2013,63.03064
"DJI",2014,12.618097
"DJI",2015,16.616166
"DJI",2016,41.237928
"DJI",2017,16.429447
"DJI",2018,21.221908
"DJI",2019,24.092944
"DJI",2020,39.900404
"DJI",2021,23.361652
"DJI",2022,87.502992
"DJI",2023,19.462336
"DJI",2024,10.574434
"DMA",2008,0.033506
"DMA",2009,0.33025
"DMA",2010,0.014455
"DMA",2011,0.016149
"DMA",2012,0.014937
"DMA",2013,0
"DMA",2014,23.641254
"DMA",2015,41.212252
"DMA",2016,1.687953
"DMA",2017,14.211912
"DMA",2018,74.22012
"DMA",2019,0.706712
"DMA",2020,2.739603
"DMA",2021,4.489518
"DMA",2022,23.004012
"DMA",2023,0.957551
"DMA",2024,8.697008
"DOM",2008,109.047239
"DOM",2009,3.478352
"DOM",2010,5.451505
"DOM",2011,29.886057
"DOM",2012,5.232334
"DOM",2013,0.538798
"DOM",2014,5.801894
"DOM",2015,5.560201
"DOM",2016,6.576507
"DOM",2017,164.21164
"DOM",2018,8.209147
"DOM",2019,3.756659
"DOM",2020,5.249987
"DOM",2021,14.570517
"DOM",2022,253.237539
"DOM",2023,8.649921
"DOM",2024,7.571699
"DZA",2008,24.755484
"DZA",2009,33.413205
"DZA",2010,32.221796
"DZA",2011,32.87017
"DZA",2012,29.308657
"DZA",2013,38.300875
"DZA",2014,27.728338
"DZA",2015,41.646741
"DZA",2016,31.28546
"DZA",2017,15.769412
"DZA",2018,21.667194
"DZA",2019,31.030492
"DZA",2020,23.068163
"DZA",2021,20.674899
"DZA",2022,25.313016
"DZA",2023,13.209064
"DZA",2024,18.747006
"ECU",2008,15.461734
"ECU",2009,19.175602
"ECU",2010,5.885211
"ECU",2011,11.454761
"ECU",2012,10.01743
"ECU",2013,20.435503
"ECU",2014,17.287241
"ECU",2015,28.902839
"ECU",2016,268.895846
"ECU",2017,125.670978
"ECU",2018,33.008718
"ECU",2019,82.468088
"ECU",2020,120.607558
"ECU",2021,77.022226
"ECU",2022,247.718538
"ECU",2023,188.70692
"ECU",2024,71.1081
"EGY",2008,15.689852
"EGY",2009,21.334436
"EGY",2010,4.177106
"EGY",2011,79.913894
"EGY",2012,8.171579
"EGY",2013,24.915736
"EGY",2014,49.15956
"EGY",2015,85.853561
"EGY",2016,446.156226
"EGY",2017,39.280868
"EGY",2018,66.471273
"EGY",2019,85.235552
"EGY",2020,93.544717
"EGY",2021,75.651781
"EGY",2022,563.789534
"EGY",2023,54.942247
"EGY",2024,57.577378
"ERI",2008,25.113387
"ERI",2009,47.460557
"ERI",2010,11.482011
"ERI",2011,3.778386
"ERI",2012,4.843259
"ERI",2013,9.89432
"ERI",2014,3.549619
"ERI",2015,3.269564
"ERI",2016,9.129041
"ERI",2017,3.011112
"ERI",2018,11.290979
"ERI",2019,7.148152
"ERI",2020,5.696305
"ERI",2021,2.751919
"ERI",2022,12.022529
"ERI",2023,9.862589
"ERI",2024,11.450022
"ETH",2008,1081.552869
"ETH",2009,878.358333
"ETH",2010,657.341466
"ETH",2011,729.188082
"ETH",2012,430.53797
"ETH",2013,426.341226
"ETH",2014,494.373301
"ETH",2015,586.540725
"ETH",2016,1429.942243
"ETH",2017,1069.086595
"ETH",2018,873.523062
"ETH",2019,1090.0901
"ETH",2020,879.48812
"ETH",2021,1594.515836
"ETH",2022,2631.580703
"ETH",2023,1892.613052
"ETH",2024,1614.629936
"FJI",2008,0.133517
"FJI",2009,5.134414
"FJI",2010,6.469857
"FJI",2011,1.0545
"FJI",2012,13.316731
"FJI",2013,4.563421
"FJI",2014,2.585218
"FJI",2015,2.705443
"FJI",2016,110.010084
"FJI",2017,5.737705
"FJI",2018,6.196557
"FJI",2019,27.548533
"FJI",2020,10.605822
"FJI",2021,27.484992
"FJI",2022,25.320859
"FJI",2023,29.488405
"FJI",2024,27.420441
"FSM",2008,0
"FSM",2009,0.076785
"FSM",2010,0.650706
"FSM",2011,0
"FSM",2012,1.572365
"FSM",2013,1.615179
"FSM",2014,0.990658
"FSM",2015,24.342965
"FSM",2016,28.882201
"FSM",2017,23.82002
"FSM",2018,7.122306
"FSM",2019,10.52235
"FSM",2020,22.72659
"FSM",2021,0.000219
"FSM",2022,5.568259
"FSM",2023,16.318969
"FSM",2024,2.207996
"GAB",2008,0.069808
"GAB",2009,0.064554
"GAB",2010,0.039502
"GAB",2011,0.298232
"GAB",2012,0.029132
"GAB",2013,0.315639
"GAB",2014,0
"GAB",2015,0.67901
"GAB",2016,0.0934
"GAB",2017,0
"GAB",2018,0.040126
"GAB",2019,0.7112
"GAB",2020,3.192967
"GAB",2021,2.021574
"GAB",2022,1.917807
"GAB",2023,0.496079
"GAB",2024,0.438663
"GEO",2008,307.095026
"GEO",2009,97.048261
"GEO",2010,41.554715
"GEO",2011,103.049693
"GEO",2012,17.543717
"GEO",2013,17.91977
"GEO",2014,13.396724
"GEO",2015,3.57293
"GEO",2016,137.458016
"GEO",2017,28.116622
"GEO",2018,23.963224
"GEO",2019,2.893773
"GEO",2020,7.331078
"GEO",2021,5.026127
"GEO",2022,31.617815
"GEO",2023,11.963835
"GEO",2024,3.469876
"GHA",2008,12.047794
"GHA",2009,3.150051
"GHA",2010,3.461288
"GHA",2011,1.170349
"GHA",2012,3.105692
"GHA",2013,4.172232
"GHA",2014,2.718759
"GHA",2015,10.286934
"GHA",2016,0.648979
"GHA",2017,2.122756
"GHA",2018,3.917581
"GHA",2019,17.404976
"GHA",2020,9.754089
"GHA",2021,8.131815
"GHA",2022,182.238339
"GHA",2023,177.092679
"GHA",2024,10.744146
"GIN",2008,10.449912
"GIN",2009,5.53429
"GIN",2010,4.606215
"GIN",2011,9.416394
"GIN",2012,4.495885
"GIN",2013,8.483315
"GIN",2014,64.684824
"GIN",2015,147.364145
"GIN",2016,31.756957
"GIN",2017,11.010353
"GIN",2018,2.766497
"GIN",2019,11.672169
"GIN",2020,6.187524
"GIN",2021,16.928669
"GIN",2022,7.141833
"GIN",2023,69.610356
"GIN",2024,9.544185
"GMB",2008,0.978094
"GMB",2009,0.591933
"GMB",2010,0.904825
"GMB",2011,0.119861
"GMB",2012,2.252187
"GMB",2013,0.340047
"GMB",2014,0.390475
"GMB",2015,1.950485
"GMB",2016,0.488663
"GMB",2017,19.127957
"GMB",2018,0.849589
"GMB",2019,3.882523
"GMB",2020,1.002194
"GMB",2021,1.645231
"GMB",2022,81.225887
"GMB",2023,30.296309
"GMB",2024,33.399823
"GNB",2008,2.348604
"GNB",2009,1.054112
"GNB",2010,1.554282
"GNB",2011,0.976539
"GNB",2012,1.933872
"GNB",2013,1.123888
"GNB",2014,5.969687
"GNB",2015,1.786423
"GNB",2016,0.088742
"GNB",2017,1.334638
"GNB",2018,1.915543
"GNB",2019,3.770763
"GNB",2020,1.951803
"GNB",2021,2.593214
"GNB",2022,43.81726
"GNB",2023,15.473694
"GNB",2024,2.176367
"GNQ",2008,1.909409
"GNQ",2009,0
"GNQ",2010,0
"GNQ",2011,0.025504
"GNQ",2012,0
"GNQ",2013,0.010912
"GNQ",2014,0
"GNQ",2015,0.13274
"GNQ",2016,0.037324
"GNQ",2017,0.083315
"GNQ",2018,0.026766
"GNQ",2019,0.014662
"GNQ",2020,0.25669
"GNQ",2021,2.864793
"GNQ",2022,0.897618
"GNQ",2023,0.740657
"GNQ",2024,0.14288
"GRD",2008,0.162762
"GRD",2009,0.33025
"GRD",2010,0.025256
"GRD",2011,10.575688
"GRD",2012,0
"GRD",2013,0.631305
"GRD",2014,6.061311
"GRD",2015,10.42897
"GRD",2016,0.832402
"GRD",2017,0.028028
"GRD",2018,4.730372
"GRD",2019,2.749523
"GRD",2020,20.695082
"GRD",2021,0.023283
"GRD",2022,27.615564
"GRD",2023,7.392694
"GRD",2024,14.379731
"GTM",2008,11.025324
"GTM",2009,101.942629
"GTM",2010,45.619274
"GTM",2011,30.461098
"GTM",2012,13.267451
"GTM",2013,4.255253
"GTM",2014,3.899187
"GTM",2015,7.70032
"GTM",2016,16.696764
"GTM",2017,25.766261
"GTM",2018,22.381507
"GTM",2019,246.417645
"GTM",2020,63.584056
"GTM",2021,46.74941
"GTM",2022,73.904881
"GTM",2023,37.351604
"GTM",2024,49.156764
"GUY",2008,0
"GUY",2009,0.078667
"GUY",2010,0.394761
"GUY",2011,0.085046
"GUY",2012,0.111161
"GUY",2013,0.114791
"GUY",2014,0.0694
"GUY",2015,0.055982
"GUY",2016,0.302455
"GUY",2017,0.493424
"GUY",2018,2.17973
"GUY",2019,1.308821
"GUY",2020,5.021877
"GUY",2021,0.395761
"GUY",2022,4.138359
"GUY",2023,1.508009
"GUY",2024,0.450935
"HND",2008,12.744044
"HND",2009,5.563373
"HND",2010,8.191258
"HND",2011,11.955576
"HND",2012,36.529261
"HND",2013,2.26725
"HND",2014,20.31442
"HND",2015,6.476217
"HND",2016,4.062988
"HND",2017,17.804266
"HND",2018,9.878628
"HND",2019,17.067446
"HND",2020,309.983432
"HND",2021,224.517793
"HND",2022,127.818276
"HND",2023,82.302655
"HND",2024,66.815458
"HRV",2008,0.178914
"HRV",2009,0.25472
"HRV",2010,0.556316
"HRV",2011,0
"HRV",2012,0
"HRV",2013,0
"HRV",2014,0
"HRV",2015,0
"HRV",2016,0
"HRV",2017,0
"HRV",2018,0
"HRV",2019,0
"HRV",2020,0
"HRV",2021,0
"HRV",2022,0
"HRV",2023,0
"HRV",2024,0
"HTI",2008,188.321628
"HTI",2009,227.362012
"HTI",2010,2373.867842
"HTI",2011,462.067274
"HTI",2012,305.790067
"HTI",2013,203.260109
"HTI",2014,148.723179
"HTI",2015,158.698205
"HTI",2016,190.121394
"HTI",2017,207.473833
"HTI",2018,71.339041
"HTI",2019,82.821183
"HTI",2020,124.58858
"HTI",2021,217.342959
"HTI",2022,179.326583
"HTI",2023,274.545565
"HTI",2024,327.481859
"IDN",2008,93.081381
"IDN",2009,220.706735
"IDN",2010,88.007633
"IDN",2011,83.493011
"IDN",2012,146.768911
"IDN",2013,55.808577
"IDN",2014,40.640798
"IDN",2015,27.32673
"IDN",2016,27.105608
"IDN",2017,98.687489
"IDN",2018,104.490697
"IDN",2019,683.99356
"IDN",2020,232.198118
"IDN",2021,650.273678
"IDN",2022,325.598142
"IDN",2023,434.736496
"IDN",2024,15.481919
"IND",2008,38.494306
"IND",2009,42.387371
"IND",2010,338.704715
"IND",2011,26.918565
"IND",2012,23.867867
"IND",2013,139.086668
"IND",2014,169.976362
"IND",2015,699.170584
"IND",2016,109.561844
"IND",2017,122.046667
"IND",2018,18.653425
"IND",2019,210.047893
"IND",2020,206.926479
"IND",2021,260.369459
"IND",2022,643.919389
"IND",2023,619.533633
"IND",2024,342.275566
"IRN",2008,13.65982
"IRN",2009,14.247909
"IRN",2010,13.654023
"IRN",2011,7.689968
"IRN",2012,13.712993
"IRN",2013,6.946263
"IRN",2014,23.769599
"IRN",2015,29.984202
"IRN",2016,93.016426
"IRN",2017,13.21329
"IRN",2018,28.508643
"IRN",2019,31.166209
"IRN",2020,23.411536
"IRN",2021,14.016541
"IRN",2022,14.334883
"IRN",2023,16.174406
"IRN",2024,7.603919
"IRQ",2008,764.544633
"IRQ",2009,398.843832
"IRQ",2010,290.700125
"IRQ",2011,220.982012
"IRQ",2012,287.816352
"IRQ",2013,375.485701
"IRQ",2014,819.384279999999
"IRQ",2015,1046.641779
"IRQ",2016,1913.121598
"IRQ",2017,1555.422547
"IRQ",2018,1418.965332
"IRQ",2019,1040.84016
"IRQ",2020,679.266006
"IRQ",2021,458.389832
"IRQ",2022,246.330596
"IRQ",2023,153.194492
"IRQ",2024,71.635046
"JAM",2008,0.715655
"JAM",2009,0.86859
"JAM",2010,0.533166
"JAM",2011,0.809301
"JAM",2012,0.358327
"JAM",2013,0.177223
"JAM",2014,4.536746
"JAM",2015,8.752531
"JAM",2016,26.121175
"JAM",2017,20.327626
"JAM",2018,1.955317
"JAM",2019,0.37876
"JAM",2020,29.468147
"JAM",2021,5.880223
"JAM",2022,1.885488
"JAM",2023,11.956816
"JAM",2024,10.118612
"JOR",2008,27.084668
"JOR",2009,33.719854
"JOR",2010,54.557963
"JOR",2011,49.22267
"JOR",2012,157.794439
"JOR",2013,539.057492
"JOR",2014,778.668186
"JOR",2015,933.201484
"JOR",2016,594.451525
"JOR",2017,417.608786
"JOR",2018,631.50569
"JOR",2019,653.446365
"JOR",2020,463.275047
"JOR",2021,331.53032
"JOR",2022,361.450144
"JOR",2023,308.951421
"JOR",2024,262.048914
"KAZ",2008,0.849991
"KAZ",2009,0.00506
"KAZ",2010,3.775149
"KAZ",2011,0.752634
"KAZ",2012,0.100952
"KAZ",2013,2.048937
"KAZ",2014,0.434799
"KAZ",2015,1.116481
"KAZ",2016,14.368299
"KAZ",2017,1.893928
"KAZ",2018,0.116259
"KAZ",2019,0.138996
"KAZ",2020,2.261067
"KAZ",2021,0.629041
"KAZ",2022,0.478308
"KAZ",2023,0.125255
"KAZ",2024,46.510779
"KEN",2008,294.375522
"KEN",2009,497.930744
"KEN",2010,363.129258
"KEN",2011,613.356353
"KEN",2012,357.113504
"KEN",2013,460.807525
"KEN",2014,428.627937
"KEN",2015,379.449011
"KEN",2016,343.216266
"KEN",2017,331.46554
"KEN",2018,448.317638
"KEN",2019,211.962708
"KEN",2020,280.272339
"KEN",2021,398.60411
"KEN",2022,690.45596
"KEN",2023,616.126955
"KEN",2024,359.703217
"KGZ",2008,4.049665
"KGZ",2009,13.132285
"KGZ",2010,226.348789
"KGZ",2011,8.378637
"KGZ",2012,5.861823
"KGZ",2013,5.686698
"KGZ",2014,2.239301
"KGZ",2015,3.320817
"KGZ",2016,3.96837
"KGZ",2017,35.847363
"KGZ",2018,18.101325
"KGZ",2019,1.426353
"KGZ",2020,51.956009
"KGZ",2021,4.843646
"KGZ",2022,85.504259
"KGZ",2023,37.205154
"KGZ",2024,10.312496
"KHM",2008,28.740843
"KHM",2009,9.126322
"KHM",2010,20.717893
"KHM",2011,22.984272
"KHM",2012,11.231222
"KHM",2013,3.731188
"KHM",2014,8.896659
"KHM",2015,1.519631
"KHM",2016,3.82102
"KHM",2017,4.527112
"KHM",2018,1.572083
"KHM",2019,2.282269
"KHM",2020,3.445926
"KHM",2021,5.444383
"KHM",2022,84.281679
"KHM",2023,51.40491
"KHM",2024,69.157044
"KIR",2008,0
"KIR",2009,0
"KIR",2010,0.005949
"KIR",2011,0
"KIR",2012,0.082815
"KIR",2013,0
"KIR",2014,0
"KIR",2015,0.118287
"KIR",2016,0.339315
"KIR",2017,0.413815
"KIR",2018,0.007468
"KIR",2019,0.03676
"KIR",2020,17.145365
"KIR",2021,0.559191
"KIR",2022,37.09153
"KIR",2023,3.144877
"KIR",2024,1.463822
"KNA",2008,0
"KNA",2009,0.33297
"KNA",2010,0
"KNA",2011,0
"KNA",2012,0
"KNA",2013,0.008612
"KNA",2014,0
"KNA",2015,0
"KNA",2016,0
"KNA",2017,0
"KNA",2018,0
"KNA",2019,0
"KNA",2020,0
"KNA",2021,0
"KNA",2022,0
"KNA",2023,0
"KNA",2024,0
"LAO",2008,5.281787
"LAO",2009,13.332702
"LAO",2010,29.395987
"LAO",2011,14.535339
"LAO",2012,8.292835
"LAO",2013,5.054946
"LAO",2014,6.366973
"LAO",2015,2.626271
"LAO",2016,6.174001
"LAO",2017,27.115766
"LAO",2018,10.21111
"LAO",2019,27.887624
"LAO",2020,4.241961
"LAO",2021,17.374929
"LAO",2022,52.177336
"LAO",2023,42.396853
"LAO",2024,6.269385
"LBN",2008,132.144395
"LBN",2009,81.254105
"LBN",2010,77.91799
"LBN",2011,85.011539
"LBN",2012,79.944847
"LBN",2013,435.510004
"LBN",2014,545.995737
"LBN",2015,775.333144
"LBN",2016,799.222017
"LBN",2017,760.813397
"LBN",2018,811.290748
"LBN",2019,725.582478
"LBN",2020,781.754655
"LBN",2021,403.967981
"LBN",2022,599.816255
"LBN",2023,541.000883
"LBN",2024,717.357753
"LBR",2008,76.041388
"LBR",2009,45.310368
"LBR",2010,32.597695
"LBR",2011,105.956557
"LBR",2012,60.560216
"LBR",2013,50.011578
"LBR",2014,485.505253
"LBR",2015,319.826161
"LBR",2016,26.422165
"LBR",2017,13.74429
"LBR",2018,28.188558
"LBR",2019,12.757497
"LBR",2020,9.393448
"LBR",2021,13.817998
"LBR",2022,61.512509
"LBR",2023,18.823103
"LBR",2024,17.414353
"LBY",2008,0.119382
"LBY",2009,0.044015
"LBY",2010,0.335129
"LBY",2011,333.054213
"LBY",2012,24.438757
"LBY",2013,9.076674
"LBY",2014,20.2549
"LBY",2015,120.994616
"LBY",2016,43.419905
"LBY",2017,116.326621
"LBY",2018,116.267923
"LBY",2019,108.533181
"LBY",2020,89.244327
"LBY",2021,86.105374
"LBY",2022,63.01778
"LBY",2023,112.111559
"LBY",2024,40.228836
"LCA",2008,3.302039
"LCA",2009,0.332562
"LCA",2010,0.240046
"LCA",2011,4.456924
"LCA",2012,1.368013
"LCA",2013,0.010894
"LCA",2014,38.030434
"LCA",2015,8.475218
"LCA",2016,0.470812
"LCA",2017,12.51526
"LCA",2018,1.011769
"LCA",2019,0
"LCA",2020,0.671471
"LCA",2021,0.033821
"LCA",2022,12.641457
"LCA",2023,2.495147
"LCA",2024,8.586974
"LKA",2008,151.854227
"LKA",2009,275.917991
"LKA",2010,416.657461
"LKA",2011,103.480741
"LKA",2012,40.40559
"LKA",2013,30.478895
"LKA",2014,182.075712
"LKA",2015,19.827715
"LKA",2016,53.632968
"LKA",2017,26.948019
"LKA",2018,6.407282
"LKA",2019,44.622037
"LKA",2020,9.062603
"LKA",2021,485.563671
"LKA",2022,93.97876
"LKA",2023,58.377584
"LKA",2024,20.650343
"LSO",2008,2.173808
"LSO",2009,3.354593
"LSO",2010,4.276205
"LSO",2011,4.578803
"LSO",2012,14.678442
"LSO",2013,2.871449
"LSO",2014,0.036902
"LSO",2015,0.406312
"LSO",2016,15.054972
"LSO",2017,4.823896
"LSO",2018,0.288371
"LSO",2019,43.276422
"LSO",2020,7.246756
"LSO",2021,5.322887
"LSO",2022,42.227433
"LSO",2023,3.041954
"LSO",2024,32.232118
"MAR",2008,1.473374
"MAR",2009,2.491668
"MAR",2010,4.698647
"MAR",2011,6.897858
"MAR",2012,11.627125
"MAR",2013,3.060349
"MAR",2014,155.443383
"MAR",2015,12.342718
"MAR",2016,253.455002
"MAR",2017,15.400797
"MAR",2018,9.646124
"MAR",2019,325.39077
"MAR",2020,10.599117
"MAR",2021,117.46106
"MAR",2022,225.582319
"MAR",2023,314.307937
"MAR",2024,28.634428
"MDA",2008,3.5721
"MDA",2009,0.602818
"MDA",2010,13.139093
"MDA",2011,1.745588
"MDA",2012,0.921737
"MDA",2013,1.973553
"MDA",2014,1.433426
"MDA",2015,8.951179
"MDA",2016,8.469551
"MDA",2017,5.62263
"MDA",2018,0.184292
"MDA",2019,1.283623
"MDA",2020,1.165084
"MDA",2021,0.922336
"MDA",2022,166.859356
"MDA",2023,88.118956
"MDA",2024,87.642387
"MDG",2008,73.214332
"MDG",2009,13.340277
"MDG",2010,20.272864
"MDG",2011,11.377705
"MDG",2012,17.525232
"MDG",2013,15.526183
"MDG",2014,11.958527
"MDG",2015,23.176112
"MDG",2016,49.27228
"MDG",2017,42.425261
"MDG",2018,66.369027
"MDG",2019,99.612614
"MDG",2020,92.2584340000001
"MDG",2021,145.058736
"MDG",2022,722.744871
"MDG",2023,177.911605
"MDG",2024,209.885293
"MDV",2008,1.222631
"MDV",2009,1.229751
"MDV",2010,0.304433
"MDV",2011,0.390536
"MDV",2012,0.237389
"MDV",2013,0.114249
"MDV",2014,0.63852
"MDV",2015,0.180513
"MDV",2016,0.130399
"MDV",2017,0.372832
"MDV",2018,2.494508
"MDV",2019,7.946204
"MDV",2020,2.924463
"MDV",2021,6.958888
"MDV",2022,9.639767
"MDV",2023,7.67904
"MDV",2024,0.976163
"MEX",2008,3.030985
"MEX",2009,5.161165
"MEX",2010,2.797196
"MEX",2011,0.560919
"MEX",2012,180.661759
"MEX",2013,1.073169
"MEX",2014,0.48782
"MEX",2015,2.919281
"MEX",2016,1.316745
"MEX",2017,7.726263
"MEX",2018,22.918186
"MEX",2019,177.214805
"MEX",2020,118.371942
"MEX",2021,51.118976
"MEX",2022,137.571574
"MEX",2023,98.34375
"MEX",2024,49.604486
"MHL",2008,0.006152
"MHL",2009,0.285834
"MHL",2010,0.358406
"MHL",2011,0.312596
"MHL",2012,1.066826
"MHL",2013,6.553489
"MHL",2014,0.937797
"MHL",2015,3.039621
"MHL",2016,4.244664
"MHL",2017,11.577177
"MHL",2018,3.626919
"MHL",2019,0.873242
"MHL",2020,8.945071
"MHL",2021,6.89104
"MHL",2022,22.005164
"MHL",2023,10.180361
"MHL",2024,13.811637
"MKD",2008,0.170593
"MKD",2009,0.302603
"MKD",2010,0.306869
"MKD",2011,0.981557
"MKD",2012,2.28904
"MKD",2013,1.676943
"MKD",2014,0.156065
"MKD",2015,10.653543
"MKD",2016,18.971665
"MKD",2017,4.090598
"MKD",2018,13.31849
"MKD",2019,5.534531
"MKD",2020,3.855892
"MKD",2021,4.463124
"MKD",2022,15.777099
"MKD",2023,11.539248
"MKD",2024,1.705358
"MLI",2008,6.824272
"MLI",2009,6.725112
"MLI",2010,21.378858
"MLI",2011,11.450793
"MLI",2012,167.719089
"MLI",2013,357.559501
"MLI",2014,240.895727
"MLI",2015,175.630735
"MLI",2016,160.747617
"MLI",2017,108.587878
"MLI",2018,182.03483
"MLI",2019,155.901963
"MLI",2020,178.566957
"MLI",2021,165.95348
"MLI",2022,256.166235
"MLI",2023,193.266111
"MLI",2024,228.848912
"MMR",2008,404.399383
"MMR",2009,146.262844
"MMR",2010,86.596586
"MMR",2011,139.874688
"MMR",2012,155.795063
"MMR",2013,226.356542
"MMR",2014,171.648851
"MMR",2015,169.145115
"MMR",2016,197.808025
"MMR",2017,212.223143
"MMR",2018,174.230153
"MMR",2019,230.549739
"MMR",2020,198.132026
"MMR",2021,209.707634
"MMR",2022,240.054865
"MMR",2023,272.678746
"MMR",2024,279.830887
"MNE",2008,2.493016
"MNE",2009,0.471044
"MNE",2010,0.880817
"MNE",2011,3.482941
"MNE",2012,4.685887
"MNE",2013,6.080431
"MNE",2014,0.089891
"MNE",2015,2.518119
"MNE",2016,2.807164
"MNE",2017,2.924204
"MNE",2018,1.019672
"MNE",2019,1.858791
"MNE",2020,5.872681
"MNE",2021,1.045095
"MNE",2022,3.290934
"MNE",2023,0.509479
"MNE",2024,0.076958
"MNG",2008,0.499474
"MNG",2009,0.864943
"MNG",2010,6.204832
"MNG",2011,0.753753
"MNG",2012,7.012506
"MNG",2013,5.182138
"MNG",2014,1.83193
"MNG",2015,1.545075
"MNG",2016,2.676256
"MNG",2017,3.789495
"MNG",2018,2.481341
"MNG",2019,2.962514
"MNG",2020,6.959626
"MNG",2021,1.459899
"MNG",2022,93.640448
"MNG",2023,1.301708
"MNG",2024,3.701293
"MOZ",2008,35.424344
"MOZ",2009,72.843447
"MOZ",2010,19.384965
"MOZ",2011,16.75074
"MOZ",2012,27.563982
"MOZ",2013,31.601629
"MOZ",2014,33.442446
"MOZ",2015,21.738282
"MOZ",2016,92.886739
"MOZ",2017,42.031517
"MOZ",2018,79.6228
"MOZ",2019,592.55503
"MOZ",2020,209.690976
"MOZ",2021,395.356001
"MOZ",2022,458.768831
"MOZ",2023,284.646976
"MOZ",2024,391.817009
"MRT",2008,27.05603
"MRT",2009,12.382877
"MRT",2010,7.355044
"MRT",2011,2.127405
"MRT",2012,44.833468
"MRT",2013,40.778745
"MRT",2014,36.26683
"MRT",2015,34.470588
"MRT",2016,28.591989
"MRT",2017,28.634999
"MRT",2018,48.060085
"MRT",2019,37.906421
"MRT",2020,35.434029
"MRT",2021,29.099708
"MRT",2022,31.862931
"MRT",2023,66.858342
"MRT",2024,62.084901
"MUS",2008,0.04959
"MUS",2009,0.082362
"MUS",2010,0.07394
"MUS",2011,0.101426
"MUS",2012,2.395905
"MUS",2013,0.902678
"MUS",2014,0.703516
"MUS",2015,1.995494
"MUS",2016,0.350063
"MUS",2017,0.276882
"MUS",2018,0.019781
"MUS",2019,11.834276
"MUS",2020,0.956329
"MUS",2021,1.383466
"MUS",2022,0.108649
"MUS",2023,74.854981
"MUS",2024,0.222252
"MWI",2008,9.070291
"MWI",2009,9.796904
"MWI",2010,17.07641
"MWI",2011,10.449405
"MWI",2012,63.451813
"MWI",2013,84.838787
"MWI",2014,28.324262
"MWI",2015,127.538162
"MWI",2016,155.134201
"MWI",2017,104.695904
"MWI",2018,30.915026
"MWI",2019,163.710043
"MWI",2020,61.262153
"MWI",2021,37.582045
"MWI",2022,98.7505770000001
"MWI",2023,307.926578
"MWI",2024,111.202815
"MYS",2008,0.754829
"MYS",2009,0.313079
"MYS",2010,2.05778
"MYS",2011,10.254578
"MYS",2012,2.598077
"MYS",2013,6.457738
"MYS",2014,5.716782
"MYS",2015,4.295137
"MYS",2016,7.943167
"MYS",2017,8.471695
"MYS",2018,9.457033
"MYS",2019,10.339664
"MYS",2020,14.587935
"MYS",2021,9.219383
"MYS",2022,7.490993
"MYS",2023,8.111048
"MYS",2024,5.633415
"NAM",2008,1.303688
"NAM",2009,4.694687
"NAM",2010,0.295869
"NAM",2011,6.116696
"NAM",2012,8.666472
"NAM",2013,5.57532
"NAM",2014,0.750038
"NAM",2015,0.540588
"NAM",2016,0.294344
"NAM",2017,0.312535
"NAM",2018,0.449895
"NAM",2019,2.858014
"NAM",2020,5.057167
"NAM",2021,2.817134
"NAM",2022,2.332605
"NAM",2023,2.19952
"NAM",2024,11.67902
"NER",2008,40.175661
"NER",2009,34.400323
"NER",2010,245.950703
"NER",2011,116.565462
"NER",2012,250.624023
"NER",2013,191.498759
"NER",2014,147.49681
"NER",2015,154.159983
"NER",2016,180.684678
"NER",2017,155.787008
"NER",2018,253.937707
"NER",2019,177.610361
"NER",2020,225.81331
"NER",2021,249.505983
"NER",2022,449.379008
"NER",2023,315.101961
"NER",2024,368.751482
"NGA",2008,0.867163
"NGA",2009,5.261813
"NGA",2010,9.983615
"NGA",2011,7.24807
"NGA",2012,74.923921
"NGA",2013,13.836609
"NGA",2014,59.287941
"NGA",2015,122.25538
"NGA",2016,436.229669
"NGA",2017,1184.417248
"NGA",2018,662.274343
"NGA",2019,688.780345
"NGA",2020,847.193921
"NGA",2021,666.238008
"NGA",2022,708.813933
"NGA",2023,671.828137
"NGA",2024,448.671711
"NIC",2008,42.077942
"NIC",2009,13.342033
"NIC",2010,27.384553
"NIC",2011,6.29235
"NIC",2012,7.273278
"NIC",2013,13.690325
"NIC",2014,18.742041
"NIC",2015,3.662535
"NIC",2016,2.951113
"NIC",2017,23.338474
"NIC",2018,10.883855
"NIC",2019,2.68746
"NIC",2020,19.959565
"NIC",2021,56.561347
"NIC",2022,12.729726
"NIC",2023,16.353679
"NIC",2024,10.931784
"NPL",2008,89.118784
"NPL",2009,51.869991
"NPL",2010,31.026418
"NPL",2011,62.612039
"NPL",2012,91.843557
"NPL",2013,26.011523
"NPL",2014,25.522189
"NPL",2015,731.311459
"NPL",2016,93.288337
"NPL",2017,218.636983
"NPL",2018,44.414031
"NPL",2019,106.38514
"NPL",2020,226.192988
"NPL",2021,32.107362
"NPL",2022,391.019795
"NPL",2023,59.9337530000001
"NPL",2024,209.849984
"NRU",2008,0
"NRU",2009,0
"NRU",2010,0
"NRU",2011,0.714034
"NRU",2012,0
"NRU",2013,0.00321
"NRU",2014,0
"NRU",2015,0.003332
"NRU",2016,0.034765
"NRU",2017,0
"NRU",2018,0
"NRU",2019,0
"NRU",2020,0.058672
"NRU",2021,3e-05
"NRU",2022,1.911677
"NRU",2023,0.037234
"NRU",2024,0.070953
"OMN",2008,0
"OMN",2009,0
"OMN",2010,0
"OMN",2011,0
"OMN",2012,0
"OMN",2013,0
"OMN",2014,0
"OMN",2015,0
"OMN",2016,0
"OMN",2017,0
"OMN",2018,0
"OMN",2019,0
"OMN",2020,0
"OMN",2021,0
"OMN",2022,0
"OMN",2023,0
"OMN",2024,0
"PAK",2008,185.618057
"PAK",2009,1021.293929
"PAK",2010,2391.344622
"PAK",2011,955.024153
"PAK",2012,459.597151
"PAK",2013,421.442782
"PAK",2014,341.190986
"PAK",2015,602.41049
"PAK",2016,327.479093
"PAK",2017,305.522103
"PAK",2018,366.843745
"PAK",2019,99.763373
"PAK",2020,201.838317
"PAK",2021,130.93856
"PAK",2022,1565.513865
"PAK",2023,234.096312
"PAK",2024,612.335256
"PAN",2008,1.472029
"PAN",2009,0.721229
"PAN",2010,1.841529
"PAN",2011,130.722331
"PAN",2012,112.698855
"PAN",2013,3.674672
"PAN",2014,1.884387
"PAN",2015,52.337749
"PAN",2016,10.622382
"PAN",2017,15.149235
"PAN",2018,3.635688
"PAN",2019,8.53737
"PAN",2020,12.385856
"PAN",2021,6.63828
"PAN",2022,81.893293
"PAN",2023,24.420031
"PAN",2024,58.121565
"PER",2008,37.585784
"PER",2009,9.565879
"PER",2010,75.790273
"PER",2011,41.650789
"PER",2012,10.660016
"PER",2013,14.83896
"PER",2014,109.154208
"PER",2015,287.253561
"PER",2016,9.17502
"PER",2017,21.15335
"PER",2018,18.748505
"PER",2019,42.957731
"PER",2020,135.660143
"PER",2021,186.595104
"PER",2022,242.802759
"PER",2023,393.761167
"PER",2024,75.788973
"PHL",2008,108.466341
"PHL",2009,110.046175
"PHL",2010,242.538845
"PHL",2011,63.377381
"PHL",2012,76.766931
"PHL",2013,486.420902
"PHL",2014,612.418888
"PHL",2015,652.421029
"PHL",2016,33.794986
"PHL",2017,37.254984
"PHL",2018,100.544486
"PHL",2019,212.576032
"PHL",2020,775.538363
"PHL",2021,969.83304
"PHL",2022,125.776215
"PHL",2023,747.808855
"PHL",2024,164.852124
"PLW",2008,0
"PLW",2009,0
"PLW",2010,0
"PLW",2011,0
"PLW",2012,2.431396
"PLW",2013,0.221603
"PLW",2014,0.345339
"PLW",2015,0.108788
"PLW",2016,0.550881
"PLW",2017,0.4531
"PLW",2018,0.30196
"PLW",2019,1.033631
"PLW",2020,0.026263
"PLW",2021,0.608201
"PLW",2022,0.913904
"PLW",2023,0.127458
"PLW",2024,1.672572
"PNG",2008,5.200443
"PNG",2009,14.604438
"PNG",2010,12.993504
"PNG",2011,4.177415
"PNG",2012,4.484726
"PNG",2013,3.719773
"PNG",2014,5.383495
"PNG",2015,9.336313
"PNG",2016,18.354175
"PNG",2017,5.849713
"PNG",2018,28.833835
"PNG",2019,5.872052
"PNG",2020,8.284927
"PNG",2021,5.558229
"PNG",2022,31.37601
"PNG",2023,20.361418
"PNG",2024,18.599327
"PRK",2008,134.955977
"PRK",2009,23.877435
"PRK",2010,14.594415
"PRK",2011,44.741881
"PRK",2012,31.601963
"PRK",2013,19.903791
"PRK",2014,16.549438
"PRK",2015,16.81522
"PRK",2016,20.661475
"PRK",2017,34.479774
"PRK",2018,30.89283
"PRK",2019,32.11015
"PRK",2020,22.357081
"PRK",2021,10.154207
"PRK",2022,3.516038
"PRK",2023,3.700647
"PRK",2024,3.516416
"PRY",2008,3.284318
"PRY",2009,0.084062
"PRY",2010,0.127857
"PRY",2011,0.14417
"PRY",2012,1.482878
"PRY",2013,0.95211
"PRY",2014,1.303298
"PRY",2015,0.55504
"PRY",2016,3.045042
"PRY",2017,1.977974
"PRY",2018,0.11808
"PRY",2019,4.029147
"PRY",2020,14.200642
"PRY",2021,0.787526
"PRY",2022,66.88448
"PRY",2023,99.366768
"PRY",2024,0.341888
"PSE",2008,465.249781
"PSE",2009,821.697932
"PSE",2010,518.439065
"PSE",2011,391.46706
"PSE",2012,396.902484
"PSE",2013,372.56316
"PSE",2014,952.210335
"PSE",2015,647.069127
"PSE",2016,637.378227
"PSE",2017,330.62287
"PSE",2018,360.928195
"PSE",2019,403.335972
"PSE",2020,288.855905
"PSE",2021,475.236222
"PSE",2022,850.169703
"PSE",2023,1302.044746
"PSE",2024,2056.484503
"RWA",2008,14.346759
"RWA",2009,18.195539
"RWA",2010,15.751059
"RWA",2011,30.229763
"RWA",2012,26.611053
"RWA",2013,46.671659
"RWA",2014,22.859013
"RWA",2015,84.097309
"RWA",2016,65.622861
"RWA",2017,57.611919
"RWA",2018,62.89312
"RWA",2019,113.189526
"RWA",2020,82.0142359999999
"RWA",2021,39.946485
"RWA",2022,168.080835
"RWA",2023,69.712965
"RWA",2024,108.528106
"SDN",2008,1611.541724
"SDN",2009,1617.269191
"SDN",2010,1089.266785
"SDN",2011,1035.024652
"SDN",2012,579.349633
"SDN",2013,901.33874
"SDN",2014,556.361213
"SDN",2015,606.750657
"SDN",2016,557.67396
"SDN",2017,519.14644
"SDN",2018,479.383518
"SDN",2019,596.360109
"SDN",2020,573.383305
"SDN",2021,902.731168
"SDN",2022,863.680827
"SDN",2023,981.177076
"SDN",2024,1374.619618
"SEN",2008,8.665189
"SEN",2009,16.729528
"SEN",2010,2.14761
"SEN",2011,4.653131
"SEN",2012,38.305175
"SEN",2013,32.374756
"SEN",2014,6.913674
"SEN",2015,31.438229
"SEN",2016,28.941844
"SEN",2017,4.565364
"SEN",2018,96.47103
"SEN",2019,9.425445
"SEN",2020,74.044441
"SEN",2021,54.643973
"SEN",2022,288.105153
"SEN",2023,197.911138
"SEN",2024,192.468547
"SLB",2008,4.693657
"SLB",2009,0.869905
"SLB",2010,1.129888
"SLB",2011,5.245142
"SLB",2012,0.939373
"SLB",2013,2.791574
"SLB",2014,16.947331
"SLB",2015,2.681583
"SLB",2016,3.818243
"SLB",2017,3.551697
"SLB",2018,7.072443
"SLB",2019,2.70641
"SLB",2020,5.1967
"SLB",2021,3.92766
"SLB",2022,57.716979
"SLB",2023,17.593018
"SLB",2024,3.696799
"SLE",2008,11.422579
"SLE",2009,4.103384
"SLE",2010,15.469286
"SLE",2011,5.067427
"SLE",2012,15.24375
"SLE",2013,23.583561
"SLE",2014,508.606742
"SLE",2015,401.944024
"SLE",2016,58.679376
"SLE",2017,35.431019
"SLE",2018,16.470577
"SLE",2019,35.678637
"SLE",2020,8.319569
"SLE",2021,46.461312
"SLE",2022,65.191204
"SLE",2023,35.959416
"SLE",2024,26.894621
"SLV",2008,5.617533
"SLV",2009,18.853961
"SLV",2010,22.705158
"SLV",2011,66.862998
"SLV",2012,10.472849
"SLV",2013,19.416528
"SLV",2014,14.869672
"SLV",2015,5.669798
"SLV",2016,39.36723
"SLV",2017,0.852194
"SLV",2018,7.369107
"SLV",2019,87.591146
"SLV",2020,63.015038
"SLV",2021,19.141207
"SLV",2022,28.758757
"SLV",2023,168.95544
"SLV",2024,20.177876
"SOM",2008,673.911167999999
"SOM",2009,486.782685
"SOM",2010,239.438528
"SOM",2011,866.338715
"SOM",2012,454.067011
"SOM",2013,446.947395
"SOM",2014,495.280143
"SOM",2015,415.35577
"SOM",2016,677.400019
"SOM",2017,1335.797348
"SOM",2018,679.502524
"SOM",2019,989.684622
"SOM",2020,790.219831
"SOM",2021,647.934016
"SOM",2022,1446.205892
"SOM",2023,824.209048
"SOM",2024,699.669661999999
"SRB",2008,35.566765
"SRB",2009,2.535684
"SRB",2010,2.692692
"SRB",2011,15.33932
"SRB",2012,6.989074
"SRB",2013,8.452744
"SRB",2014,17.494644
"SRB",2015,36.329245
"SRB",2016,48.501507
"SRB",2017,94.28401
"SRB",2018,4.643819
"SRB",2019,34.909073
"SRB",2020,23.202118
"SRB",2021,5.191876
"SRB",2022,45.605956
"SRB",2023,19.975542
"SRB",2024,14.093936
"SSD",2008,0
"SSD",2009,0
"SSD",2010,0
"SSD",2011,147.912222
"SSD",2012,737.98983
"SSD",2013,672.638946
"SSD",2014,1700.004126
"SSD",2015,1051.27862
"SSD",2016,1528.757844
"SSD",2017,1317.056634
"SSD",2018,767.586289000001
"SSD",2019,1145.55322
"SSD",2020,1160.840962
"SSD",2021,850.880011
"SSD",2022,1388.901645
"SSD",2023,729.083884
"SSD",2024,697.553167
"STP",2008,0.405562
"STP",2009,0.079281
"STP",2010,0.01813
"STP",2011,0.072791
"STP",2012,0.003573
"STP",2013,0.016556
"STP",2014,0.074705
"STP",2015,0.158652
"STP",2016,0.037339
"STP",2017,0.040322
"STP",2018,0.9547
"STP",2019,15.025255
"STP",2020,0.044469
"STP",2021,0.161981
"STP",2022,26.101517
"STP",2023,1.890902
"STP",2024,4.979986
"SUR",2008,0
"SUR",2009,0
"SUR",2010,0
"SUR",2011,0.001769
"SUR",2012,0
"SUR",2013,0.007741
"SUR",2014,0.009389
"SUR",2015,0.026062
"SUR",2016,0.038469
"SUR",2017,0.014658
"SUR",2018,3.211776
"SUR",2019,20.056499
"SUR",2020,0.005514
"SUR",2021,0.058365
"SUR",2022,0.379256
"SUR",2023,1.021097
"SUR",2024,2.092821
"SWZ",2008,0.959473
"SWZ",2009,6.371551
"SWZ",2010,1.104819
"SWZ",2011,1.567724
"SWZ",2012,4.678311
"SWZ",2013,0.798893
"SWZ",2014,2.344331
"SWZ",2015,0.64666
"SWZ",2016,10.139273
"SWZ",2017,3.561265
"SWZ",2018,0.664494
"SWZ",2019,12.353015
"SWZ",2020,3.397555
"SWZ",2021,4.547139
"SWZ",2022,12.60738
"SWZ",2023,2.068887
"SWZ",2024,1.735754
"SYC",2008,0
"SYC",2009,0
"SYC",2010,0.069987
"SYC",2011,0.403497
"SYC",2012,0.962823
"SYC",2013,0.091707
"SYC",2014,7.504057
"SYC",2015,0.021939
"SYC",2016,0
"SYC",2017,0.065362
"SYC",2018,0
"SYC",2019,0
"SYC",2020,0
"SYC",2021,0
"SYC",2022,0
"SYC",2023,0
"SYC",2024,0
"SYR",2008,76.49357
"SYR",2009,47.778667
"SYR",2010,63.618131
"SYR",2011,52.760798
"SYR",2012,724.114114
"SYR",2013,2144.796877
"SYR",2014,2140.4071
"SYR",2015,2108.461578
"SYR",2016,3024.884169
"SYR",2017,3027.948504
"SYR",2018,11282.217232
"SYR",2019,12427.351755
"SYR",2020,13198.070975
"SYR",2021,11221.245387
"SYR",2022,7854.211256
"SYR",2023,8474.07759099999
"SYR",2024,6994.810852
"TCD",2008,309.279823
"TCD",2009,433.811763
"TCD",2010,349.540129
"TCD",2011,300.858059
"TCD",2012,360.745159
"TCD",2013,270.044591
"TCD",2014,224.190163
"TCD",2015,221.253556
"TCD",2016,270.308449
"TCD",2017,174.81898
"TCD",2018,280.4273
"TCD",2019,206.847564
"TCD",2020,271.540771
"TCD",2021,184.559629
"TCD",2022,418.269087
"TCD",2023,425.204903
"TCD",2024,434.019262
"TGO",2008,2.535558
"TGO",2009,0.607443
"TGO",2010,1.130909
"TGO",2011,11.339548
"TGO",2012,14.582722
"TGO",2013,0.928945
"TGO",2014,0.320246
"TGO",2015,3.071518
"TGO",2016,0.325548
"TGO",2017,0.773778
"TGO",2018,16.075681
"TGO",2019,1.814225
"TGO",2020,2.072714
"TGO",2021,18.037348
"TGO",2022,31.823009
"TGO",2023,81.368368
"TGO",2024,54.914932
"THA",2008,45.960499
"THA",2009,82.401788
"THA",2010,65.552934
"THA",2011,80.581511
"THA",2012,145.006281
"THA",2013,71.321674
"THA",2014,65.306257
"THA",2015,87.445464
"THA",2016,82.820856
"THA",2017,35.465828
"THA",2018,31.298805
"THA",2019,33.449766
"THA",2020,44.637056
"THA",2021,56.171831
"THA",2022,34.274505
"THA",2023,50.607581
"THA",2024,42.608412
"TJK",2008,23.278981
"TJK",2009,18.038537
"TJK",2010,13.645335
"TJK",2011,7.216285
"TJK",2012,8.984588
"TJK",2013,4.600198
"TJK",2014,5.292721
"TJK",2015,4.019146
"TJK",2016,8.471259
"TJK",2017,22.197368
"TJK",2018,8.675587
"TJK",2019,12.565488
"TJK",2020,51.537424
"TJK",2021,9.503389
"TJK",2022,105.332141
"TJK",2023,50.847613
"TJK",2024,165.037347
"TKM",2008,0.572822
"TKM",2009,0.018196
"TKM",2010,1.622008
"TKM",2011,0.423825
"TKM",2012,0.672338
"TKM",2013,0.106601
"TKM",2014,0.010702
"TKM",2015,0.538385
"TKM",2016,0.264745
"TKM",2017,1.267728
"TKM",2018,0.012512
"TKM",2019,0.022891
"TKM",2020,0.053977
"TKM",2021,0.066533
"TKM",2022,0.059602
"TKM",2023,0.088879
"TKM",2024,0.384917
"TLS",2008,14.681002
"TLS",2009,6.849959
"TLS",2010,6.80838
"TLS",2011,5.167844
"TLS",2012,1.123054
"TLS",2013,3.688739
"TLS",2014,3.820819
"TLS",2015,4.567218
"TLS",2016,4.846249
"TLS",2017,5.677535
"TLS",2018,5.162468
"TLS",2019,4.396448
"TLS",2020,5.574178
"TLS",2021,22.474954
"TLS",2022,6.647505
"TLS",2023,28.87442
"TLS",2024,8.935069
"TON",2008,0
"TON",2009,1.769141
"TON",2010,6.117574
"TON",2011,0.135641
"TON",2012,0.23779
"TON",2013,0.696912
"TON",2014,17.158515
"TON",2015,14.015615
"TON",2016,2.227656
"TON",2017,1.408701
"TON",2018,31.481807
"TON",2019,1.474058
"TON",2020,5.730215
"TON",2021,9.283163
"TON",2022,46.723528
"TON",2023,4.090064
"TON",2024,21.900141
"TTO",2008,0
"TTO",2009,0.340132
"TTO",2010,0.663192
"TTO",2011,0
"TTO",2012,0
"TTO",2013,0
"TTO",2014,0
"TTO",2015,0
"TTO",2016,0
"TTO",2017,0
"TTO",2018,0
"TTO",2019,0
"TTO",2020,0
"TTO",2021,0
"TTO",2022,0
"TTO",2023,0
"TTO",2024,0
"TUN",2008,0.068082
"TUN",2009,1.561122
"TUN",2010,0.553117
"TUN",2011,33.037413
"TUN",2012,14.32756
"TUN",2013,5.615828
"TUN",2014,6.129856
"TUN",2015,22.282336
"TUN",2016,6.818212
"TUN",2017,3.766761
"TUN",2018,8.768111
"TUN",2019,13.276173
"TUN",2020,7.502551
"TUN",2021,21.554826
"TUN",2022,122.430451
"TUN",2023,42.838674
"TUN",2024,62.341558
"TUR",2008,10.325416
"TUR",2009,9.447393
"TUR",2010,386.532943
"TUR",2011,43.413319
"TUR",2012,40.744416
"TUR",2013,111.052987
"TUR",2014,157.769362
"TUR",2015,727.860542
"TUR",2016,1037.099831
"TUR",2017,802.642106
"TUR",2018,735.028534
"TUR",2019,1357.293375
"TUR",2020,1322.921989
"TUR",2021,797.978307
"TUR",2022,662.535539
"TUR",2023,2975.197253
"TUR",2024,2263.576075
"TUV",2008,0
"TUV",2009,0.594462
"TUV",2010,6.935512
"TUV",2011,0.987207
"TUV",2012,1.338777
"TUV",2013,0.435738
"TUV",2014,0.165516
"TUV",2015,1.142598
"TUV",2016,43.437472
"TUV",2017,0.030138
"TUV",2018,3.835215
"TUV",2019,3.090392
"TUV",2020,0.58904
"TUV",2021,9.30736
"TUV",2022,7.52483
"TUV",2023,8.411787
"TUV",2024,5.749493
"TZA",2008,69.240966
"TZA",2009,69.692912
"TZA",2010,48.736039
"TZA",2011,44.241408
"TZA",2012,37.046054
"TZA",2013,29.401571
"TZA",2014,11.1813
"TZA",2015,88.867743
"TZA",2016,118.889619
"TZA",2017,126.481643
"TZA",2018,79.963109
"TZA",2019,97.862994
"TZA",2020,103.164422
"TZA",2021,82.13407
"TZA",2022,644.491285
"TZA",2023,347.401557
"TZA",2024,187.708316
"UGA",2008,265.052555
"UGA",2009,160.47132
"UGA",2010,76.088768
"UGA",2011,46.86793
"UGA",2012,54.156779
"UGA",2013,79.896903
"UGA",2014,143.224743
"UGA",2015,169.791527
"UGA",2016,250.700333
"UGA",2017,424.978112
"UGA",2018,259.898541
"UGA",2019,487.762531
"UGA",2020,302.791509
"UGA",2021,237.582956
"UGA",2022,637.839902
"UGA",2023,133.526974
"UGA",2024,206.023718
"UKR",2008,1.901349
"UKR",2009,2.107547
"UKR",2010,1.287176
"UKR",2011,6.638672
"UKR",2012,5.522204
"UKR",2013,1.603946
"UKR",2014,76.27873
"UKR",2015,296.14127
"UKR",2016,371.797419
"UKR",2017,162.037776
"UKR",2018,156.002095
"UKR",2019,196.09592
"UKR",2020,146.149459
"UKR",2021,152.065974
"UKR",2022,3863.591642
"UKR",2023,3361.096407
"UKR",2024,2746.509805
"URY",2008,0.00273
"URY",2009,1.02241
"URY",2010,0.036874
"URY",2011,0.064146
"URY",2012,0.012686
"URY",2013,0.127611
"URY",2014,107.079215
"URY",2015,1.225034
"URY",2016,0.77731
"URY",2017,0.033087
"URY",2018,0
"URY",2019,0
"URY",2020,0
"URY",2021,0
"URY",2022,0
"URY",2023,0
"URY",2024,0
"UZB",2008,1.124724
"UZB",2009,0.629055
"UZB",2010,4.844262
"UZB",2011,1.007572
"UZB",2012,0.397934
"UZB",2013,0.426267
"UZB",2014,0.089281
"UZB",2015,0.338267
"UZB",2016,0.412708
"UZB",2017,0.272568
"UZB",2018,0.271294
"UZB",2019,7.655462
"UZB",2020,1.484706
"UZB",2021,0.867684
"UZB",2022,28.121454
"UZB",2023,27.208085
"UZB",2024,49.575202
"VCT",2008,0
"VCT",2009,0.400677
"VCT",2010,0.368116
"VCT",2011,16.945075
"VCT",2012,0.158059
"VCT",2013,0.059673
"VCT",2014,36.806431
"VCT",2015,8.859548
"VCT",2016,14.969162
"VCT",2017,0.033242
"VCT",2018,26.746024
"VCT",2019,4.13374
"VCT",2020,8.551598
"VCT",2021,65.110644
"VCT",2022,47.067072
"VCT",2023,1.260793
"VCT",2024,245.978882
"VEN",2008,0.223859
"VEN",2009,5.861271
"VEN",2010,1.067149
"VEN",2011,24.682099
"VEN",2012,3.70961
"VEN",2013,0.042228
"VEN",2014,2.645966
"VEN",2015,8.109345
"VEN",2016,8.63184
"VEN",2017,13.10175
"VEN",2018,133.311594
"VEN",2019,101.485765
"VEN",2020,161.371583
"VEN",2021,217.026655
"VEN",2022,254.188626
"VEN",2023,190.464195
"VEN",2024,187.84969
"VNM",2008,16.473917
"VNM",2009,16.878577
"VNM",2010,108.051261
"VNM",2011,10.363492
"VNM",2012,146.500633
"VNM",2013,12.356657
"VNM",2014,4.045921
"VNM",2015,197.028731
"VNM",2016,156.600798
"VNM",2017,153.449317
"VNM",2018,18.977043
"VNM",2019,5.61908
"VNM",2020,65.602019
"VNM",2021,23.478558
"VNM",2022,3.305361
"VNM",2023,21.869459
"VNM",2024,93.174147
"VUT",2008,0.112169
"VUT",2009,0.800158
"VUT",2010,0.325295
"VUT",2011,1.688502
"VUT",2012,3.249011
"VUT",2013,1.156932
"VUT",2014,1.612205
"VUT",2015,127.869909
"VUT",2016,21.31691
"VUT",2017,12.791713
"VUT",2018,10.131802
"VUT",2019,5.61501
"VUT",2020,54.162371
"VUT",2021,36.135398
"VUT",2022,20.019225
"VUT",2023,18.080786
"VUT",2024,19.587426
"WSM",2008,0
"WSM",2009,15.553695
"WSM",2010,9.443813
"WSM",2011,0.690445
"WSM",2012,1.037809
"WSM",2013,31.143059
"WSM",2014,4.400465
"WSM",2015,16.554716
"WSM",2016,69.24654
"WSM",2017,1.391424
"WSM",2018,10.375735
"WSM",2019,6.389675
"WSM",2020,3.26666
"WSM",2021,0.699687
"WSM",2022,23.146034
"WSM",2023,1.161945
"WSM",2024,0.23576
"XKX",2008,0
"XKX",2009,9.978071
"XKX",2010,4.722616
"XKX",2011,15.916783
"XKX",2012,7.075975
"XKX",2013,6.639533
"XKX",2014,0.969284
"XKX",2015,5.297597
"XKX",2016,5.318596
"XKX",2017,4.524319
"XKX",2018,3.174686
"XKX",2019,2.855538
"XKX",2020,3.623847
"XKX",2021,5.942008
"XKX",2022,6.490332
"XKX",2023,8.377797
"XKX",2024,30.390176
"YEM",2008,50.079169
"YEM",2009,58.203597
"YEM",2010,149.827834
"YEM",2011,245.818363
"YEM",2012,360.773831
"YEM",2013,472.16356
"YEM",2014,236.731227
"YEM",2015,890.765975
"YEM",2016,722.919553
"YEM",2017,1579.337387
"YEM",2018,2263.684397
"YEM",2019,3731.854018
"YEM",2020,1734.7219
"YEM",2021,2430.029078
"YEM",2022,1966.652241
"YEM",2023,1287.87211
"YEM",2024,1216.905689
"ZAF",2008,5.082644
"ZAF",2009,8.763529
"ZAF",2010,2.542048
"ZAF",2011,19.829943
"ZAF",2012,20.889281
"ZAF",2013,6.454014
"ZAF",2014,13.779916
"ZAF",2015,19.402531
"ZAF",2016,21.506211
"ZAF",2017,19.443121
"ZAF",2018,1.997581
"ZAF",2019,2.365932
"ZAF",2020,13.989384
"ZAF",2021,16.009159
"ZAF",2022,17.959766
"ZAF",2023,70.042692
"ZAF",2024,3.42028
"ZMB",2008,14.925429
"ZMB",2009,21.927059
"ZMB",2010,12.223033
"ZMB",2011,15.205842
"ZMB",2012,12.164702
"ZMB",2013,10.835408
"ZMB",2014,9.731389
"ZMB",2015,9.350298
"ZMB",2016,13.21883
"ZMB",2017,12.501843
"ZMB",2018,17.211759
"ZMB",2019,42.677595
"ZMB",2020,12.869409
"ZMB",2021,10.676881
"ZMB",2022,254.248712
"ZMB",2023,55.960562
"ZMB",2024,71.940001
"ZWE",2008,411.197901
"ZWE",2009,469.824499
"ZWE",2010,228.931282
"ZWE",2011,146.366008
"ZWE",2012,130.819951
"ZWE",2013,107.652703
"ZWE",2014,28.721395
"ZWE",2015,37.199037
"ZWE",2016,131.103673
"ZWE",2017,59.296248
"ZWE",2018,107.908957
"ZWE",2019,247.692789
"ZWE",2020,241.512826
"ZWE",2021,121.0512
"ZWE",2022,104.061545
"ZWE",2023,62.994548
"ZWE",2024,83.358788
