"recipient_name","year","commits_mitigation"
"Afghanistan",2007,30.794542
"Afghanistan",2008,74.534769
"Afghanistan",2009,15.785258
"Afghanistan",2010,118.031427
"Afghanistan",2011,307.010661
"Afghanistan",2012,316.590445
"Afghanistan",2013,715.340156
"Afghanistan",2014,100.298865
"Afghanistan",2015,177.080696
"Afghanistan",2016,116.256532
"Afghanistan",2017,180.389012
"Afghanistan",2018,148.896755
"Afghanistan",2019,112.851118
"Afghanistan",2020,130.336993
"Afghanistan",2021,46.534279
"Afghanistan",2022,171.084014
"Afghanistan",2023,76.614954
"Afghanistan",2024,8.691085
"Africa, regional",2007,16.256622
"Africa, regional",2008,171.941744
"Africa, regional",2009,146.516797
"Africa, regional",2010,152.715604
"Africa, regional",2011,188.850868
"Africa, regional",2012,184.824226
"Africa, regional",2013,177.465509
"Africa, regional",2014,330.19455
"Africa, regional",2015,426.171233
"Africa, regional",2016,1079.739686
"Africa, regional",2017,728.586549
"Africa, regional",2018,629.939829
"Africa, regional",2019,678.974482
"Africa, regional",2020,810.233979
"Africa, regional",2021,2989.511232
"Africa, regional",2022,1358.663145
"Africa, regional",2023,1655.826173
"Africa, regional",2024,1080.529032
"Albania",2007,40.157228
"Albania",2008,83.649165
"Albania",2009,5.343584
"Albania",2010,154.039338
"Albania",2011,8.541828
"Albania",2012,39.059113
"Albania",2013,19.630916
"Albania",2014,27.026547
"Albania",2015,89.520136
"Albania",2016,136.182805
"Albania",2017,44.182858
"Albania",2018,103.97619
"Albania",2019,123.656685
"Albania",2020,84.998323
"Albania",2021,296.755258
"Albania",2022,151.429798
"Albania",2023,194.641282
"Albania",2024,219.12966
"Algeria",2007,1.069689
"Algeria",2008,1.221059
"Algeria",2009,17.625124
"Algeria",2010,1.54363
"Algeria",2011,15.784911
"Algeria",2012,49.420275
"Algeria",2013,5.296847
"Algeria",2014,18.190272
"Algeria",2015,29.557882
"Algeria",2016,19.347338
"Algeria",2017,5.754285
"Algeria",2018,45.624405
"Algeria",2019,6.09675
"Algeria",2020,12.348592
"Algeria",2021,2.394883
"Algeria",2022,43.013549
"Algeria",2023,36.150384
"Algeria",2024,39.000481
"America, regional",2007,21.431561
"America, regional",2008,138.604259
"America, regional",2009,59.330377
"America, regional",2010,115.28356
"America, regional",2011,266.515981
"America, regional",2012,183.157379
"America, regional",2013,128.27718
"America, regional",2014,244.495769
"America, regional",2015,113.254488
"America, regional",2016,418.032714
"America, regional",2017,360.574253
"America, regional",2018,225.649466
"America, regional",2019,519.691036
"America, regional",2020,732.879301
"America, regional",2021,480.713693
"America, regional",2022,246.133578
"America, regional",2023,264.203071
"America, regional",2024,369.545391
"Angola",2007,0.536757
"Angola",2008,2.038159
"Angola",2009,1.525997
"Angola",2010,2.104885
"Angola",2011,0.511393
"Angola",2012,4.037785
"Angola",2013,18.454558
"Angola",2014,7.040816
"Angola",2015,171.743124
"Angola",2016,1.225922
"Angola",2017,4.884445
"Angola",2018,99.762217
"Angola",2019,25.627622
"Angola",2020,46.729292
"Angola",2021,3.918432
"Angola",2022,18.482273
"Angola",2023,94.447041
"Angola",2024,126.944629
"Anguilla",2012,0.015949
"Antigua and Barbuda",2007,0.034808
"Antigua and Barbuda",2011,0.465748
"Antigua and Barbuda",2012,0.051411
"Antigua and Barbuda",2013,4.129752
"Antigua and Barbuda",2014,0
"Antigua and Barbuda",2015,12.021604
"Antigua and Barbuda",2016,1.054434
"Antigua and Barbuda",2017,21.139933
"Antigua and Barbuda",2018,1.313683
"Antigua and Barbuda",2019,4.767427
"Antigua and Barbuda",2020,0.235221
"Antigua and Barbuda",2021,0.059597
"Argentina",2007,1.451006
"Argentina",2008,1.520468
"Argentina",2009,2.256075
"Argentina",2010,9.060335
"Argentina",2011,3.286701
"Argentina",2012,13.740427
"Argentina",2013,6.008941
"Argentina",2014,5.357537
"Argentina",2015,8.672552
"Argentina",2016,2.9118
"Argentina",2017,3.988966
"Argentina",2018,20.255643
"Argentina",2019,117.965572
"Argentina",2020,5.308004
"Argentina",2021,5.868087
"Argentina",2022,6.624315
"Argentina",2023,134.314539
"Argentina",2024,62.811333
"Armenia",2007,2.360674
"Armenia",2008,0.862634
"Armenia",2009,0.686186
"Armenia",2010,156.152441
"Armenia",2011,50.09958
"Armenia",2012,75.706835
"Armenia",2013,24.7776
"Armenia",2014,140.433563
"Armenia",2015,127.867056
"Armenia",2016,58.193238
"Armenia",2017,25.696487
"Armenia",2018,80.663838
"Armenia",2019,134.427582
"Armenia",2020,6.442648
"Armenia",2021,106.112059
"Armenia",2022,167.37011
"Armenia",2023,40.378538
"Armenia",2024,178.448975
"Asia, regional",2007,70.188585
"Asia, regional",2008,67.476015
"Asia, regional",2009,74.832643
"Asia, regional",2010,149.825193
"Asia, regional",2011,156.967326
"Asia, regional",2012,136.457354
"Asia, regional",2013,287.521006
"Asia, regional",2014,124.782443
"Asia, regional",2015,247.464925
"Asia, regional",2016,256.887855
"Asia, regional",2017,309.120182
"Asia, regional",2018,290.858932
"Asia, regional",2019,314.194351
"Asia, regional",2020,711.391154
"Asia, regional",2021,461.804801
"Asia, regional",2022,837.080547
"Asia, regional",2023,779.193897000001
"Asia, regional",2024,448.841186
"Azerbaijan",2007,0.496139
"Azerbaijan",2008,0.420957
"Azerbaijan",2009,3.902647
"Azerbaijan",2010,0.258108
"Azerbaijan",2011,3.364522
"Azerbaijan",2012,1.659548
"Azerbaijan",2013,4.362196
"Azerbaijan",2014,6.529474
"Azerbaijan",2015,18.496547
"Azerbaijan",2016,7.526255
"Azerbaijan",2017,163.37009
"Azerbaijan",2018,2.139824
"Azerbaijan",2019,121.784907
"Azerbaijan",2020,4.003949
"Azerbaijan",2021,0.172755
"Azerbaijan",2022,22.031505
"Azerbaijan",2023,23.387466
"Azerbaijan",2024,26.531003
"Bangladesh",2007,43.071108
"Bangladesh",2008,220.436215
"Bangladesh",2009,593.792093
"Bangladesh",2010,161.214149
"Bangladesh",2011,320.82119
"Bangladesh",2012,126.441072
"Bangladesh",2013,557.024038
"Bangladesh",2014,487.750494
"Bangladesh",2015,386.645603
"Bangladesh",2016,1178.915499
"Bangladesh",2017,426.751177
"Bangladesh",2018,1377.696545
"Bangladesh",2019,1615.104161
"Bangladesh",2020,1719.781696
"Bangladesh",2021,1108.974461
"Bangladesh",2022,1675.250579
"Bangladesh",2023,2768.885689
"Bangladesh",2024,618.881656
"Barbados",2007,0.034808
"Barbados",2008,0.064214
"Barbados",2009,0.031587
"Barbados",2010,0.029496
"Belarus",2007,0
"Belarus",2008,8.025313
"Belarus",2009,142.941894
"Belarus",2010,42.076819
"Belarus",2011,6.392875
"Belarus",2012,20.356774
"Belarus",2013,4.192892
"Belarus",2014,7.201539
"Belarus",2015,24.961026
"Belarus",2016,0.084656
"Belarus",2017,5.669146
"Belarus",2018,4.866703
"Belarus",2019,5.320696
"Belarus",2020,14.971629
"Belarus",2021,0.777876
"Belarus",2022,0.849338
"Belarus",2023,0.649442
"Belarus",2024,4.37147
"Belize",2007,0.040842
"Belize",2008,0.025604
"Belize",2009,3.677839
"Belize",2010,4.340304
"Belize",2011,0.923888
"Belize",2012,0.180478
"Belize",2013,0.949608
"Belize",2014,8.564725
"Belize",2015,0.086559
"Belize",2016,2.902435
"Belize",2017,6.837472
"Belize",2018,18.422698
"Belize",2019,12.525215
"Belize",2020,0.749744
"Belize",2021,0.045537
"Belize",2022,2.572869
"Belize",2023,13.087734
"Belize",2024,22.458447
"Benin",2007,10.555474
"Benin",2008,7.092623
"Benin",2009,16.351476
"Benin",2010,3.824284
"Benin",2011,31.098337
"Benin",2012,9.041486
"Benin",2013,47.140738
"Benin",2014,57.323887
"Benin",2015,50.617111
"Benin",2016,60.615077
"Benin",2017,212.492585
"Benin",2018,86.580566
"Benin",2019,45.912439
"Benin",2020,31.046783
"Benin",2021,66.192338
"Benin",2022,77.230357
"Benin",2023,371.680562
"Benin",2024,65.183583
"Bhutan",2007,1.108196
"Bhutan",2008,9.60089
"Bhutan",2009,36.124518
"Bhutan",2010,2.575861
"Bhutan",2011,30.242683
"Bhutan",2012,19.649554
"Bhutan",2013,6.514027
"Bhutan",2014,4.80006
"Bhutan",2015,17.726763
"Bhutan",2016,29.381206
"Bhutan",2017,36.327958
"Bhutan",2018,1.012397
"Bhutan",2019,10.075215
"Bhutan",2020,15.189338
"Bhutan",2021,28.269735
"Bhutan",2022,3.438833
"Bhutan",2023,4.596854
"Bhutan",2024,14.143624
"Bilateral, unspecified",2007,951.138667
"Bilateral, unspecified",2008,1404.268525
"Bilateral, unspecified",2009,2994.039773
"Bilateral, unspecified",2010,5105.857092
"Bilateral, unspecified",2011,3147.229783
"Bilateral, unspecified",2012,3848.480734
"Bilateral, unspecified",2013,3821.05867100001
"Bilateral, unspecified",2014,4624.994207
"Bilateral, unspecified",2015,5008.009197
"Bilateral, unspecified",2016,4690.82186599999
"Bilateral, unspecified",2017,6792.382108
"Bilateral, unspecified",2018,5661.197377
"Bilateral, unspecified",2019,6025.296291
"Bilateral, unspecified",2020,8347.35340799999
"Bilateral, unspecified",2021,5534.11518200002
"Bilateral, unspecified",2022,13212.757457
"Bilateral, unspecified",2023,17886.148047
"Bilateral, unspecified",2024,8849.37453499999
"Bolivia",2007,20.927773
"Bolivia",2008,46.7739
"Bolivia",2009,50.72616
"Bolivia",2010,97.439698
"Bolivia",2011,25.187385
"Bolivia",2012,19.107436
"Bolivia",2013,85.43378
"Bolivia",2014,101.27552
"Bolivia",2015,40.998284
"Bolivia",2016,118.00669
"Bolivia",2017,623.192347
"Bolivia",2018,39.531786
"Bolivia",2019,150.475837
"Bolivia",2020,32.013593
"Bolivia",2021,29.112149
"Bolivia",2022,273.883085
"Bolivia",2023,263.710584
"Bolivia",2024,31.609587
"Bosnia and Herzegovina",2007,0.571525
"Bosnia and Herzegovina",2008,37.132767
"Bosnia and Herzegovina",2009,1.016219
"Bosnia and Herzegovina",2010,120.479558
"Bosnia and Herzegovina",2011,105.5321
"Bosnia and Herzegovina",2012,7.036561
"Bosnia and Herzegovina",2013,115.486371
"Bosnia and Herzegovina",2014,197.981873
"Bosnia and Herzegovina",2015,13.601006
"Bosnia and Herzegovina",2016,19.943681
"Bosnia and Herzegovina",2017,145.879166
"Bosnia and Herzegovina",2018,48.626276
"Bosnia and Herzegovina",2019,94.463311
"Bosnia and Herzegovina",2020,71.762271
"Bosnia and Herzegovina",2021,23.391825
"Bosnia and Herzegovina",2022,18.838204
"Bosnia and Herzegovina",2023,12.721447
"Bosnia and Herzegovina",2024,74.307434
"Botswana",2007,0.089775
"Botswana",2008,0
"Botswana",2009,0.487936
"Botswana",2010,10.184146
"Botswana",2011,1.061204
"Botswana",2012,1.879035
"Botswana",2013,1.241721
"Botswana",2014,6.097002
"Botswana",2015,3.449971
"Botswana",2016,1.204873
"Botswana",2017,2.616054
"Botswana",2018,2.443947
"Botswana",2019,8.934097
"Botswana",2020,3.103051
"Botswana",2021,4.478805
"Botswana",2022,10.982719
"Botswana",2023,4.306021
"Botswana",2024,2.680826
"Brazil",2007,28.499755
"Brazil",2008,65.265453
"Brazil",2009,1710.075011
"Brazil",2010,1298.595409
"Brazil",2011,579.34942
"Brazil",2012,1331.732302
"Brazil",2013,241.111487
"Brazil",2014,912.530033
"Brazil",2015,656.808945
"Brazil",2016,275.18722
"Brazil",2017,582.95818
"Brazil",2018,493.001645
"Brazil",2019,203.699393
"Brazil",2020,729.506531
"Brazil",2021,273.134145
"Brazil",2022,438.623588
"Brazil",2023,853.19289
"Brazil",2024,837.034721
"Burkina Faso",2007,59.70556
"Burkina Faso",2008,11.623204
"Burkina Faso",2009,33.465126
"Burkina Faso",2010,63.993211
"Burkina Faso",2011,19.941175
"Burkina Faso",2012,106.47694
"Burkina Faso",2013,61.725621
"Burkina Faso",2014,47.310431
"Burkina Faso",2015,41.83333
"Burkina Faso",2016,94.51079
"Burkina Faso",2017,82.255538
"Burkina Faso",2018,77.363614
"Burkina Faso",2019,118.952851
"Burkina Faso",2020,121.79995
"Burkina Faso",2021,78.831367
"Burkina Faso",2022,58.927008
"Burkina Faso",2023,75.017543
"Burkina Faso",2024,99.365671
"Burundi",2007,0.165387
"Burundi",2008,57.506743
"Burundi",2009,8.393608
"Burundi",2010,7.708668
"Burundi",2011,3.73975
"Burundi",2012,38.082
"Burundi",2013,31.054872
"Burundi",2014,45.579412
"Burundi",2015,7.681635
"Burundi",2016,42.906764
"Burundi",2017,158.464759
"Burundi",2018,45.905753
"Burundi",2019,74.074824
"Burundi",2020,45.650672
"Burundi",2021,44.452223
"Burundi",2022,25.627532
"Burundi",2023,43.251963
"Burundi",2024,46.558948
"Cabo Verde",2007,0.123088
"Cabo Verde",2008,5.43098
"Cabo Verde",2009,13.253027
"Cabo Verde",2010,66.142286
"Cabo Verde",2011,28.682209
"Cabo Verde",2012,75.895164
"Cabo Verde",2013,29.864052
"Cabo Verde",2014,9.378815
"Cabo Verde",2015,5.254311
"Cabo Verde",2016,12.731048
"Cabo Verde",2017,4.303472
"Cabo Verde",2018,2.604218
"Cabo Verde",2019,25.904223
"Cabo Verde",2020,2.661696
"Cabo Verde",2021,22.138695
"Cabo Verde",2022,5.446798
"Cabo Verde",2023,68.87301
"Cabo Verde",2024,9.856518
"Cambodia",2007,2.266761
"Cambodia",2008,47.192042
"Cambodia",2009,36.842293
"Cambodia",2010,52.215976
"Cambodia",2011,19.723734
"Cambodia",2012,37.920583
"Cambodia",2013,52.355414
"Cambodia",2014,122.13647
"Cambodia",2015,144.422402
"Cambodia",2016,21.375205
"Cambodia",2017,22.915096
"Cambodia",2018,124.070247
"Cambodia",2019,144.296244
"Cambodia",2020,76.485117
"Cambodia",2021,43.704208
"Cambodia",2022,155.490067
"Cambodia",2023,324.531436
"Cambodia",2024,327.448272
"Cameroon",2007,8.246595
"Cameroon",2008,14.8946
"Cameroon",2009,0.643988
"Cameroon",2010,89.508149
"Cameroon",2011,107.730442
"Cameroon",2012,11.710247
"Cameroon",2013,11.218411
"Cameroon",2014,16.575485
"Cameroon",2015,52.59527
"Cameroon",2016,31.550897
"Cameroon",2017,83.943565
"Cameroon",2018,192.557143
"Cameroon",2019,71.026238
"Cameroon",2020,36.556941
"Cameroon",2021,75.895996
"Cameroon",2022,81.97224
"Cameroon",2023,322.535687
"Cameroon",2024,213.39103
"Caribbean & Central America, regional",2007,77.935618
"Caribbean & Central America, regional",2008,29.875779
"Caribbean & Central America, regional",2009,16.009859
"Caribbean & Central America, regional",2010,72.957715
"Caribbean & Central America, regional",2011,101.736443
"Caribbean & Central America, regional",2012,129.372861
"Caribbean & Central America, regional",2013,96.324741
"Caribbean & Central America, regional",2014,187.09283
"Caribbean & Central America, regional",2015,177.576008
"Caribbean & Central America, regional",2016,109.854971
"Caribbean & Central America, regional",2017,116.478223
"Caribbean & Central America, regional",2018,113.334766
"Caribbean & Central America, regional",2019,132.882901
"Caribbean & Central America, regional",2020,26.912756
"Caribbean & Central America, regional",2021,49.685203
"Caribbean & Central America, regional",2022,330.104819
"Caribbean & Central America, regional",2023,69.196703
"Caribbean & Central America, regional",2024,41.033279
"Caribbean, regional",2007,0.590526
"Caribbean, regional",2008,0
"Caribbean, regional",2009,2.527392
"Caribbean, regional",2010,6.137478
"Caribbean, regional",2011,1.946124
"Caribbean, regional",2012,114.821225
"Caribbean, regional",2013,5.012171
"Caribbean, regional",2014,2.531472
"Caribbean, regional",2015,2.741012
"Caribbean, regional",2016,158.994671
"Caribbean, regional",2017,142.426413
"Caribbean, regional",2018,217.267593
"Caribbean, regional",2019,94.642801
"Caribbean, regional",2020,25.204491
"Caribbean, regional",2021,171.932059
"Caribbean, regional",2022,3.510394
"Caribbean, regional",2023,106.569996
"Caribbean, regional",2024,100.381757
"Central African Republic",2007,0
"Central African Republic",2008,0.150552
"Central African Republic",2009,5.817358
"Central African Republic",2010,0.005453
"Central African Republic",2011,4.205368
"Central African Republic",2012,6.496528
"Central African Republic",2013,1.335732
"Central African Republic",2014,0.005211
"Central African Republic",2015,6.753798
"Central African Republic",2016,3.474182
"Central African Republic",2017,1.266805
"Central African Republic",2018,67.168206
"Central African Republic",2019,21.497514
"Central African Republic",2020,3.066095
"Central African Republic",2021,0.564379
"Central African Republic",2022,26.60775
"Central African Republic",2023,27.388543
"Central African Republic",2024,4.1512
"Central America, regional",2019,6.079403
"Central America, regional",2020,9.509768
"Central America, regional",2021,17.307587
"Central America, regional",2022,36.152881
"Central America, regional",2023,73.906477
"Central America, regional",2024,240.167575
"Central Asia, regional",2007,0.121291
"Central Asia, regional",2008,7.565291
"Central Asia, regional",2009,1.183319
"Central Asia, regional",2010,16.873605
"Central Asia, regional",2011,66.274603
"Central Asia, regional",2012,69.909241
"Central Asia, regional",2013,59.044939
"Central Asia, regional",2014,8.329614
"Central Asia, regional",2015,100.320478
"Central Asia, regional",2016,33.711221
"Central Asia, regional",2017,19.881642
"Central Asia, regional",2018,75.784325
"Central Asia, regional",2019,67.067924
"Central Asia, regional",2020,115.651177
"Central Asia, regional",2021,67.625259
"Central Asia, regional",2022,11.600445
"Central Asia, regional",2023,99.6585769999999
"Central Asia, regional",2024,84.885674
"Chad",2007,0.009901
"Chad",2008,6.610847
"Chad",2009,40.122693
"Chad",2010,22.502194
"Chad",2011,0.508078
"Chad",2012,11.217769
"Chad",2013,18.985592
"Chad",2014,1.838122
"Chad",2015,7.009362
"Chad",2016,8.701858
"Chad",2017,5.119064
"Chad",2018,1.694015
"Chad",2019,35.827658
"Chad",2020,12.82436
"Chad",2021,25.347425
"Chad",2022,32.672023
"Chad",2023,46.112106
"Chad",2024,78.973926
"Chile",2007,15.755098
"Chile",2008,78.290407
"Chile",2009,64.997183
"Chile",2010,8.993189
"Chile",2011,2.104166
"Chile",2012,78.196535
"Chile",2013,88.881668
"Chile",2014,242.911118
"Chile",2015,68.904959
"Chile",2016,245.646553
"Chile",2017,9.309821
"China (People's Republic of)",2007,530.282406
"China (People's Republic of)",2008,1430.295136
"China (People's Republic of)",2009,670.698547
"China (People's Republic of)",2010,917.159703
"China (People's Republic of)",2011,842.64311
"China (People's Republic of)",2012,402.841423
"China (People's Republic of)",2013,178.26664
"China (People's Republic of)",2014,274.436727
"China (People's Republic of)",2015,330.570531
"China (People's Republic of)",2016,569.500028
"China (People's Republic of)",2017,362.028507
"China (People's Republic of)",2018,113.156743
"China (People's Republic of)",2019,577.308903
"China (People's Republic of)",2020,801.686137
"China (People's Republic of)",2021,244.332852
"China (People's Republic of)",2022,444.16947
"China (People's Republic of)",2023,157.093363
"China (People's Republic of)",2024,88.089862
"Colombia",2007,75.97544
"Colombia",2008,11.295317
"Colombia",2009,9.384441
"Colombia",2010,24.214795
"Colombia",2011,274.798322
"Colombia",2012,264.476738
"Colombia",2013,119.914769
"Colombia",2014,173.929112
"Colombia",2015,614.630166
"Colombia",2016,379.906216
"Colombia",2017,679.943336
"Colombia",2018,569.234769
"Colombia",2019,354.502116
"Colombia",2020,542.851754
"Colombia",2021,576.014106
"Colombia",2022,795.129492
"Colombia",2023,592.609498
"Colombia",2024,386.532389
"Comoros",2007,0.034808
"Comoros",2009,0.012988
"Comoros",2010,1.009177
"Comoros",2011,0
"Comoros",2012,9.935213
"Comoros",2013,4.328756
"Comoros",2014,0.140226
"Comoros",2015,3.039005
"Comoros",2016,8.944261
"Comoros",2017,12.999906
"Comoros",2018,1.272349
"Comoros",2019,26.432933
"Comoros",2020,0.366244
"Comoros",2021,0.353685
"Comoros",2022,25.879965
"Comoros",2023,26.030787
"Comoros",2024,40.979231
"Congo",2008,9.747073
"Congo",2009,2.382652
"Congo",2010,1.529289
"Congo",2011,1.112184
"Congo",2012,43.070094
"Congo",2013,2.288902
"Congo",2014,0.721129
"Congo",2015,0.045876
"Congo",2016,0.686874
"Congo",2017,12.852946
"Congo",2018,51.444444
"Congo",2019,8.253842
"Congo",2020,0.458499
"Congo",2021,22.655503
"Congo",2022,33.752422
"Congo",2023,43.516366
"Congo",2024,8.941156
"Cook Islands",2007,1.498432
"Cook Islands",2008,1.361617
"Cook Islands",2009,0.013466
"Cook Islands",2010,0.164578
"Cook Islands",2011,0.075145
"Cook Islands",2012,0.120243
"Cook Islands",2013,11.156928
"Cook Islands",2014,18.42782
"Cook Islands",2015,7.040099
"Cook Islands",2016,1.597663
"Cook Islands",2017,0
"Cook Islands",2018,1.553116
"Costa Rica",2007,0.167967
"Costa Rica",2008,1.343872
"Costa Rica",2009,0.653851
"Costa Rica",2010,29.52899
"Costa Rica",2011,52.26655
"Costa Rica",2012,6.073609
"Costa Rica",2013,6.402821
"Costa Rica",2014,138.605017
"Costa Rica",2015,13.857766
"Costa Rica",2016,14.728749
"Costa Rica",2017,196.065254
"Costa Rica",2018,5.450373
"Costa Rica",2019,20.169556
"Costa Rica",2020,49.497395
"Costa Rica",2021,34.902542
"Costa Rica",2022,908.32644
"Costa Rica",2023,58.621502
"Costa Rica",2024,119.997139
"Croatia",2007,0.034797
"Croatia",2008,78.822836
"Croatia",2009,1.420769
"Croatia",2010,0.099371
"Cuba",2007,1.226983
"Cuba",2008,2.20968
"Cuba",2009,14.351261
"Cuba",2010,8.064129
"Cuba",2011,13.430084
"Cuba",2012,14.413883
"Cuba",2013,5.758091
"Cuba",2014,1.125202
"Cuba",2015,21.386954
"Cuba",2016,17.392789
"Cuba",2017,38.728051
"Cuba",2018,31.987776
"Cuba",2019,32.892319
"Cuba",2020,11.580912
"Cuba",2021,8.235764
"Cuba",2022,14.170876
"Cuba",2023,55.885248
"Cuba",2024,13.37339
"Côte d'Ivoire",2007,4.604562
"Côte d'Ivoire",2008,0.920541
"Côte d'Ivoire",2009,5.229112
"Côte d'Ivoire",2010,13.026667
"Côte d'Ivoire",2011,12.092754
"Côte d'Ivoire",2012,4.188582
"Côte d'Ivoire",2013,13.578625
"Côte d'Ivoire",2014,1.989554
"Côte d'Ivoire",2015,121.242038
"Côte d'Ivoire",2016,119.741137
"Côte d'Ivoire",2017,177.096531
"Côte d'Ivoire",2018,75.583003
"Côte d'Ivoire",2019,155.639065
"Côte d'Ivoire",2020,372.836042
"Côte d'Ivoire",2021,265.045281
"Côte d'Ivoire",2022,587.959733
"Côte d'Ivoire",2023,265.875102
"Côte d'Ivoire",2024,1384.08005
"Democratic People's Republic of Korea",2007,0
"Democratic People's Republic of Korea",2008,0
"Democratic People's Republic of Korea",2009,9.453206
"Democratic People's Republic of Korea",2011,0.766506
"Democratic People's Republic of Korea",2012,0.790337
"Democratic People's Republic of Korea",2013,0.852437
"Democratic People's Republic of Korea",2014,0.189881
"Democratic People's Republic of Korea",2015,0
"Democratic People's Republic of Korea",2016,0.198602
"Democratic People's Republic of Korea",2017,1.575098
"Democratic People's Republic of Korea",2018,0
"Democratic People's Republic of Korea",2019,0.250149
"Democratic People's Republic of Korea",2020,0.030681
"Democratic People's Republic of Korea",2021,0.145309
"Democratic People's Republic of Korea",2022,0.005492
"Democratic People's Republic of Korea",2023,0.074885
"Democratic People's Republic of Korea",2024,0.230645
"Democratic Republic of the Congo",2007,6.380803
"Democratic Republic of the Congo",2008,74.484363
"Democratic Republic of the Congo",2009,6.707529
"Democratic Republic of the Congo",2010,29.41723
"Democratic Republic of the Congo",2011,69.90957
"Democratic Republic of the Congo",2012,36.860507
"Democratic Republic of the Congo",2013,163.261996
"Democratic Republic of the Congo",2014,64.28131
"Democratic Republic of the Congo",2015,218.439927
"Democratic Republic of the Congo",2016,151.658549
"Democratic Republic of the Congo",2017,104.748835
"Democratic Republic of the Congo",2018,147.526646
"Democratic Republic of the Congo",2019,58.586106
"Democratic Republic of the Congo",2020,110.555711
"Democratic Republic of the Congo",2021,201.490657
"Democratic Republic of the Congo",2022,223.775444
"Democratic Republic of the Congo",2023,328.472599
"Democratic Republic of the Congo",2024,260.745753
"Djibouti",2007,0
"Djibouti",2008,0.001287
"Djibouti",2009,4.373912
"Djibouti",2010,11.461615
"Djibouti",2011,17.136813
"Djibouti",2012,71.959765
"Djibouti",2013,4.241097
"Djibouti",2014,4.558401
"Djibouti",2015,23.158591
"Djibouti",2016,1.594015
"Djibouti",2017,15.117814
"Djibouti",2018,1.264273
"Djibouti",2019,5.254693
"Djibouti",2020,7.038838
"Djibouti",2021,1.592982
"Djibouti",2022,35.688001
"Djibouti",2023,15.880315
"Djibouti",2024,3.054608
"Dominica",2007,0.034808
"Dominica",2008,0
"Dominica",2009,0
"Dominica",2010,0.007724
"Dominica",2011,0.463579
"Dominica",2012,21.541555
"Dominica",2013,8.550561
"Dominica",2014,2.169017
"Dominica",2015,1.200875
"Dominica",2016,0.032828
"Dominica",2017,15.295223
"Dominica",2018,3.467003
"Dominica",2019,7.102556
"Dominica",2020,0.091031
"Dominica",2021,0.091369
"Dominica",2022,1.421178
"Dominica",2023,2.351426
"Dominica",2024,2.19412
"Dominican Republic",2007,11.590966
"Dominican Republic",2008,4.046762
"Dominican Republic",2009,17.795977
"Dominican Republic",2010,3.04171
"Dominican Republic",2011,215.312436
"Dominican Republic",2012,5.838911
"Dominican Republic",2013,0.879425
"Dominican Republic",2014,205.114561
"Dominican Republic",2015,9.238748
"Dominican Republic",2016,38.029703
"Dominican Republic",2017,10.786756
"Dominican Republic",2018,126.015408
"Dominican Republic",2019,31.633413
"Dominican Republic",2020,29.826281
"Dominican Republic",2021,250.928158
"Dominican Republic",2022,309.69908
"Dominican Republic",2023,58.860621
"Dominican Republic",2024,207.483931
"Eastern Africa, regional",2019,1.304375
"Eastern Africa, regional",2020,185.465819
"Eastern Africa, regional",2021,21.590048
"Eastern Africa, regional",2022,101.19903
"Eastern Africa, regional",2023,41.54855
"Eastern Africa, regional",2024,10.383361
"Ecuador",2007,1.676886
"Ecuador",2008,8.758942
"Ecuador",2009,6.151534
"Ecuador",2010,49.463131
"Ecuador",2011,46.090339
"Ecuador",2012,22.574937
"Ecuador",2013,44.048148
"Ecuador",2014,60.651653
"Ecuador",2015,138.348161
"Ecuador",2016,64.967274
"Ecuador",2017,241.214984
"Ecuador",2018,70.153918
"Ecuador",2019,316.996116
"Ecuador",2020,68.546413
"Ecuador",2021,254.923498
"Ecuador",2022,348.101765
"Ecuador",2023,332.571573
"Ecuador",2024,346.925319
"Egypt",2007,180.710554
"Egypt",2008,139.337851
"Egypt",2009,54.254919
"Egypt",2010,950.479322
"Egypt",2011,52.589727
"Egypt",2012,793.274549
"Egypt",2013,377.37299
"Egypt",2014,467.858717
"Egypt",2015,352.073
"Egypt",2016,823.260265
"Egypt",2017,518.474263
"Egypt",2018,57.392862
"Egypt",2019,84.922333
"Egypt",2020,365.495216
"Egypt",2021,311.419918
"Egypt",2022,927.242595
"Egypt",2023,1347.77442
"Egypt",2024,816.076885
"El Salvador",2007,3.5921
"El Salvador",2008,37.174963
"El Salvador",2009,1.842616
"El Salvador",2010,14.039173
"El Salvador",2011,9.622374
"El Salvador",2012,25.779382
"El Salvador",2013,27.817891
"El Salvador",2014,36.865068
"El Salvador",2015,5.163948
"El Salvador",2016,42.850457
"El Salvador",2017,14.563288
"El Salvador",2018,12.771435
"El Salvador",2019,10.559199
"El Salvador",2020,6.128048
"El Salvador",2021,11.557317
"El Salvador",2022,118.098786
"El Salvador",2023,77.973462
"El Salvador",2024,37.308351
"Equatorial Guinea",2007,0
"Equatorial Guinea",2008,0
"Equatorial Guinea",2009,0.510837
"Equatorial Guinea",2010,0
"Equatorial Guinea",2011,1.153725
"Equatorial Guinea",2012,0.216597
"Equatorial Guinea",2013,3.913778
"Equatorial Guinea",2014,0.001615
"Equatorial Guinea",2015,0.043094
"Equatorial Guinea",2016,0
"Equatorial Guinea",2017,0.03205
"Equatorial Guinea",2018,6.765059
"Equatorial Guinea",2019,8.062513
"Equatorial Guinea",2020,0.148381
"Equatorial Guinea",2021,0.199184
"Equatorial Guinea",2022,1.047987
"Equatorial Guinea",2023,5.961601
"Equatorial Guinea",2024,1.820549
"Eritrea",2007,1.162195
"Eritrea",2008,0.768081
"Eritrea",2009,1.010381
"Eritrea",2010,0.76116
"Eritrea",2011,0.075692
"Eritrea",2012,0.333395
"Eritrea",2013,0.181892
"Eritrea",2014,0.312227
"Eritrea",2015,16.618962
"Eritrea",2016,10.167497
"Eritrea",2017,99.584545
"Eritrea",2018,0.094371
"Eritrea",2019,1.37636
"Eritrea",2020,1.236983
"Eritrea",2021,18.846949
"Eritrea",2022,0.468585
"Eritrea",2023,1.903531
"Eritrea",2024,0.413977
"Eswatini",2008,2.210471
"Eswatini",2009,0.034523
"Eswatini",2010,19.565149
"Eswatini",2011,17.136813
"Eswatini",2012,10.606659
"Eswatini",2013,0.221834
"Eswatini",2014,0.228967
"Eswatini",2015,0.03436
"Eswatini",2016,8.779902
"Eswatini",2017,0.008839
"Eswatini",2018,1.295519
"Eswatini",2019,11.638569
"Eswatini",2020,2.130856
"Eswatini",2021,7.828909
"Eswatini",2022,6.8658
"Eswatini",2023,11.606953
"Eswatini",2024,21.391163
"Ethiopia",2007,18.887218
"Ethiopia",2008,24.386386
"Ethiopia",2009,57.887461
"Ethiopia",2010,416.725914
"Ethiopia",2011,67.175224
"Ethiopia",2012,84.249557
"Ethiopia",2013,148.003926
"Ethiopia",2014,83.910822
"Ethiopia",2015,451.334616
"Ethiopia",2016,419.082764
"Ethiopia",2017,263.091416
"Ethiopia",2018,211.850871
"Ethiopia",2019,488.853733
"Ethiopia",2020,269.121361
"Ethiopia",2021,173.839107
"Ethiopia",2022,257.172713
"Ethiopia",2023,438.376577
"Ethiopia",2024,457.953345000001
"Europe, regional",2007,9.377604
"Europe, regional",2008,38.031783
"Europe, regional",2009,29.36266
"Europe, regional",2010,175.418479
"Europe, regional",2011,299.342728
"Europe, regional",2012,143.152273
"Europe, regional",2013,132.86373
"Europe, regional",2014,68.326192
"Europe, regional",2015,81.490678
"Europe, regional",2016,281.317424
"Europe, regional",2017,125.523373
"Europe, regional",2018,195.250108
"Europe, regional",2019,504.26261
"Europe, regional",2020,1034.951949
"Europe, regional",2021,1000.675414
"Europe, regional",2022,933.17435
"Europe, regional",2023,1253.707292
"Europe, regional",2024,1470.688022
"Far East Asia, regional",2007,10.187177
"Far East Asia, regional",2008,7.304064
"Far East Asia, regional",2009,6.327731
"Far East Asia, regional",2010,14.641531
"Far East Asia, regional",2011,11.083895
"Far East Asia, regional",2012,16.57407
"Far East Asia, regional",2013,34.743993
"Far East Asia, regional",2014,61.344462
"Far East Asia, regional",2015,17.30152
"Far East Asia, regional",2016,41.113476
"Far East Asia, regional",2017,50.65582
"Far East Asia, regional",2018,54.621818
"Far East Asia, regional",2019,72.9164
"Far East Asia, regional",2020,70.970376
"Far East Asia, regional",2021,128.68436
"Far East Asia, regional",2022,80.605993
"Far East Asia, regional",2023,122.653209
"Far East Asia, regional",2024,49.5205
"Fiji",2007,0.358755
"Fiji",2008,0.433377
"Fiji",2009,3.219395
"Fiji",2010,1.947605
"Fiji",2011,7.246609
"Fiji",2012,1.52244
"Fiji",2013,15.536858
"Fiji",2014,6.094261
"Fiji",2015,10.63575
"Fiji",2016,11.274203
"Fiji",2017,22.881962
"Fiji",2018,25.192697
"Fiji",2019,9.674451
"Fiji",2020,14.668124
"Fiji",2021,18.489712
"Fiji",2022,29.753985
"Fiji",2023,63.346929
"Fiji",2024,27.675398
"Gabon",2007,25.073277
"Gabon",2008,0
"Gabon",2009,0.036308
"Gabon",2010,10.446606
"Gabon",2011,2.130631
"Gabon",2012,0.983857
"Gabon",2013,1.197976
"Gabon",2014,1.359169
"Gabon",2015,0.525542
"Gabon",2016,1.540355
"Gabon",2017,0.173741
"Gabon",2018,1.069614
"Gabon",2019,8.373076
"Gabon",2020,1.559964
"Gabon",2021,33.097621
"Gabon",2022,6.796811
"Gabon",2023,1.006141
"Gabon",2024,13.932858
"Gambia",2007,0.00277
"Gambia",2008,0.142016
"Gambia",2009,0.204869
"Gambia",2010,0.171275
"Gambia",2011,12.935133
"Gambia",2012,15.325746
"Gambia",2013,14.418764
"Gambia",2014,1.60443
"Gambia",2015,0.018693
"Gambia",2016,0.041548
"Gambia",2017,70.623416
"Gambia",2018,48.571178
"Gambia",2019,3.234581
"Gambia",2020,8.021452
"Gambia",2021,1.898959
"Gambia",2022,2.139394
"Gambia",2023,14.130902
"Gambia",2024,31.72026
"Georgia",2007,0.615703
"Georgia",2008,3.892061
"Georgia",2009,3.002222
"Georgia",2010,170.091298
"Georgia",2011,13.814533
"Georgia",2012,62.390038
"Georgia",2013,102.171565
"Georgia",2014,33.879552
"Georgia",2015,114.099906
"Georgia",2016,127.347592
"Georgia",2017,223.722156
"Georgia",2018,178.477375
"Georgia",2019,483.828146
"Georgia",2020,491.377231
"Georgia",2021,244.148719
"Georgia",2022,422.090535
"Georgia",2023,252.696352
"Georgia",2024,368.677316
"Ghana",2007,104.223259
"Ghana",2008,116.410773
"Ghana",2009,108.205653
"Ghana",2010,120.280716
"Ghana",2011,23.791452
"Ghana",2012,293.764464
"Ghana",2013,31.9879
"Ghana",2014,68.024343
"Ghana",2015,10.855247
"Ghana",2016,350.127704
"Ghana",2017,269.359565
"Ghana",2018,102.994309
"Ghana",2019,168.137352
"Ghana",2020,72.692337
"Ghana",2021,109.438379
"Ghana",2022,486.586028
"Ghana",2023,183.798016
"Ghana",2024,124.282725
"Grenada",2007,0.034808
"Grenada",2010,0.157201
"Grenada",2011,4.000035
"Grenada",2012,0.013818
"Grenada",2013,0.977126
"Grenada",2014,3.899675
"Grenada",2015,2.038374
"Grenada",2016,0
"Grenada",2017,0.086114
"Grenada",2018,0
"Grenada",2019,6.601073
"Grenada",2020,1.364128
"Grenada",2021,0
"Grenada",2022,1.952806
"Grenada",2023,2.872159
"Grenada",2024,5.795953
"Guatemala",2007,4.813137
"Guatemala",2008,17.657587
"Guatemala",2009,4.091394
"Guatemala",2010,24.544866
"Guatemala",2011,16.902026
"Guatemala",2012,4.449029
"Guatemala",2013,36.972171
"Guatemala",2014,15.424382
"Guatemala",2015,41.664934
"Guatemala",2016,73.284757
"Guatemala",2017,41.836511
"Guatemala",2018,51.325127
"Guatemala",2019,78.4420780000001
"Guatemala",2020,61.330267
"Guatemala",2021,49.536115
"Guatemala",2022,113.501109
"Guatemala",2023,90.619894
"Guatemala",2024,324.592348
"Guinea",2007,0
"Guinea",2008,11.440708
"Guinea",2009,0.069664
"Guinea",2010,0.081651
"Guinea",2011,2.047948
"Guinea",2012,4.758116
"Guinea",2013,7.566012
"Guinea",2014,0.049789
"Guinea",2015,1.393391
"Guinea",2016,12.290862
"Guinea",2017,89.186714
"Guinea",2018,15.350612
"Guinea",2019,80.337443
"Guinea",2020,45.0753679999999
"Guinea",2021,5.903491
"Guinea",2022,85.741953
"Guinea",2023,130.100172
"Guinea",2024,167.070849
"Guinea-Bissau",2007,0.458652
"Guinea-Bissau",2008,6.113756
"Guinea-Bissau",2009,0.967023
"Guinea-Bissau",2010,0.007516
"Guinea-Bissau",2011,1.140367
"Guinea-Bissau",2012,2.922134
"Guinea-Bissau",2013,19.086096
"Guinea-Bissau",2014,1.491616
"Guinea-Bissau",2015,5.871708
"Guinea-Bissau",2016,2.505281
"Guinea-Bissau",2017,3.934375
"Guinea-Bissau",2018,63.275194
"Guinea-Bissau",2019,3.051665
"Guinea-Bissau",2020,1.639477
"Guinea-Bissau",2021,0.479956
"Guinea-Bissau",2022,25.740909
"Guinea-Bissau",2023,29.815693
"Guinea-Bissau",2024,7.60347
"Guyana",2007,0.485861
"Guyana",2008,8.065626
"Guyana",2009,12.284485
"Guyana",2010,225.031315
"Guyana",2011,15.706623
"Guyana",2012,11.96329
"Guyana",2013,0.322462
"Guyana",2014,82.691375
"Guyana",2015,4.779305
"Guyana",2016,51.039577
"Guyana",2017,11.195239
"Guyana",2018,13.820186
"Guyana",2019,9.942032
"Guyana",2020,0.498899
"Guyana",2021,15.365153
"Guyana",2022,6.187761
"Guyana",2023,8.974624
"Guyana",2024,11.579979
"Haiti",2007,1.772405
"Haiti",2008,1.021748
"Haiti",2009,2.824021
"Haiti",2010,22.782975
"Haiti",2011,83.095026
"Haiti",2012,14.722621
"Haiti",2013,43.1634
"Haiti",2014,18.228782
"Haiti",2015,91.808423
"Haiti",2016,35.744777
"Haiti",2017,211.452971
"Haiti",2018,148.269052
"Haiti",2019,69.563298
"Haiti",2020,47.351936
"Haiti",2021,36.536108
"Haiti",2022,36.267181
"Haiti",2023,42.292627
"Haiti",2024,50.173021
"Honduras",2007,0.955967
"Honduras",2008,14.014437
"Honduras",2009,4.612663
"Honduras",2010,68.712572
"Honduras",2011,66.293155
"Honduras",2012,71.969001
"Honduras",2013,15.351939
"Honduras",2014,52.389323
"Honduras",2015,164.504612
"Honduras",2016,59.101915
"Honduras",2017,38.767131
"Honduras",2018,94.726985
"Honduras",2019,20.127561
"Honduras",2020,11.062545
"Honduras",2021,60.555256
"Honduras",2022,35.40792
"Honduras",2023,82.282272
"Honduras",2024,52.990026
"India",2007,1014.87607
"India",2008,1326.393963
"India",2009,792.484004
"India",2010,1949.144662
"India",2011,4973.311689
"India",2012,2252.095513
"India",2013,2476.853641
"India",2014,3208.862409
"India",2015,1255.958209
"India",2016,3361.553938
"India",2017,2300.005819
"India",2018,4815.266643
"India",2019,1796.991863
"India",2020,3206.895199
"India",2021,3717.75259400001
"India",2022,4247.673287
"India",2023,9047.25420700001
"India",2024,4505.30427300001
"Indonesia",2007,247.446094
"Indonesia",2008,524.60979
"Indonesia",2009,991.284584
"Indonesia",2010,1090.430779
"Indonesia",2011,1376.412636
"Indonesia",2012,192.314607
"Indonesia",2013,1274.797777
"Indonesia",2014,483.29717
"Indonesia",2015,1631.312667
"Indonesia",2016,391.248543
"Indonesia",2017,913.32542
"Indonesia",2018,1622.17907
"Indonesia",2019,305.427146
"Indonesia",2020,806.27597
"Indonesia",2021,288.63469
"Indonesia",2022,1131.904544
"Indonesia",2023,1174.965252
"Indonesia",2024,2185.706661
"Iran",2007,0.086633
"Iran",2008,10.348145
"Iran",2009,0.370253
"Iran",2010,11.347087
"Iran",2011,1.0469
"Iran",2012,2.098416
"Iran",2013,0.780156
"Iran",2014,1.747915
"Iran",2015,3.240963
"Iran",2016,3.088133
"Iran",2017,4.088833
"Iran",2018,6.974751
"Iran",2019,6.757289
"Iran",2020,2.008088
"Iran",2021,1.278366
"Iran",2022,6.011129
"Iran",2023,0.785102
"Iran",2024,4.2791
"Iraq",2007,12.493078
"Iraq",2008,11.67097
"Iraq",2009,16.679765
"Iraq",2010,137.973622
"Iraq",2011,8.04198
"Iraq",2012,15.854939
"Iraq",2013,6.29364
"Iraq",2014,3.161432
"Iraq",2015,395.385668
"Iraq",2016,13.976793
"Iraq",2017,487.509057
"Iraq",2018,26.317471
"Iraq",2019,179.361532
"Iraq",2020,16.149051
"Iraq",2021,244.55812
"Iraq",2022,903.637567
"Iraq",2023,99.948333
"Iraq",2024,21.686126
"Jamaica",2007,0.034808
"Jamaica",2008,14.878626
"Jamaica",2009,6.157469
"Jamaica",2010,3.30765
"Jamaica",2011,17.129151
"Jamaica",2012,0.779492
"Jamaica",2013,1.232585
"Jamaica",2014,1.729796
"Jamaica",2015,2.779214
"Jamaica",2016,4.248211
"Jamaica",2017,43.802188
"Jamaica",2018,55.88091
"Jamaica",2019,5.587104
"Jamaica",2020,2.954246
"Jamaica",2021,3.581341
"Jamaica",2022,2.717506
"Jamaica",2023,596.874538
"Jamaica",2024,16.009215
"Jordan",2007,34.391522
"Jordan",2008,109.150814
"Jordan",2009,23.918595
"Jordan",2010,190.296055
"Jordan",2011,52.879761
"Jordan",2012,263.642601
"Jordan",2013,71.306519
"Jordan",2014,20.879128
"Jordan",2015,248.926524
"Jordan",2016,319.505315
"Jordan",2017,497.534078
"Jordan",2018,292.480214
"Jordan",2019,319.487639
"Jordan",2020,331.020305
"Jordan",2021,173.242555
"Jordan",2022,419.06859
"Jordan",2023,349.94428
"Jordan",2024,207.943396
"Kazakhstan",2007,68.826971
"Kazakhstan",2008,8.059502
"Kazakhstan",2009,0.108491
"Kazakhstan",2010,25.054493
"Kazakhstan",2011,2.156353
"Kazakhstan",2012,37.806766
"Kazakhstan",2013,25.668167
"Kazakhstan",2014,50.268072
"Kazakhstan",2015,7.909977
"Kazakhstan",2016,18.156812
"Kazakhstan",2017,145.01964
"Kazakhstan",2018,9.718654
"Kazakhstan",2019,29.096961
"Kazakhstan",2020,1.055957
"Kazakhstan",2021,3.288328
"Kazakhstan",2022,7.670702
"Kazakhstan",2023,15.169656
"Kazakhstan",2024,204.974225
"Kenya",2007,145.833024
"Kenya",2008,5.91786
"Kenya",2009,195.51906
"Kenya",2010,594.748353
"Kenya",2011,335.726018
"Kenya",2012,367.662091
"Kenya",2013,304.024937
"Kenya",2014,248.417187
"Kenya",2015,410.060929
"Kenya",2016,605.034997
"Kenya",2017,225.200336
"Kenya",2018,197.4045
"Kenya",2019,793.464635
"Kenya",2020,283.775661
"Kenya",2021,178.455557
"Kenya",2022,433.641614
"Kenya",2023,1044.078554
"Kenya",2024,1083.992518
"Kiribati",2007,0.248828
"Kiribati",2008,3.120572
"Kiribati",2009,7.954728
"Kiribati",2010,5.552071
"Kiribati",2011,31.654587
"Kiribati",2012,10.508519
"Kiribati",2013,20.259375
"Kiribati",2014,5.22825
"Kiribati",2015,1.171043
"Kiribati",2016,7.093597
"Kiribati",2017,12.233683
"Kiribati",2018,9.054698
"Kiribati",2019,2.498487
"Kiribati",2020,3.482582
"Kiribati",2021,23.695112
"Kiribati",2022,11.614646
"Kiribati",2023,10.281703
"Kiribati",2024,8.865726
"Kosovo",2009,0.027785
"Kosovo",2010,15.969142
"Kosovo",2011,23.657669
"Kosovo",2012,3.118821
"Kosovo",2013,79.71192
"Kosovo",2014,14.799539
"Kosovo",2015,54.33073
"Kosovo",2016,22.948596
"Kosovo",2017,14.182713
"Kosovo",2018,75.736668
"Kosovo",2019,63.319892
"Kosovo",2020,59.512846
"Kosovo",2021,42.26067
"Kosovo",2022,165.109216
"Kosovo",2023,138.863008
"Kosovo",2024,172.385822
"Kyrgyzstan",2007,37.877468
"Kyrgyzstan",2008,2.336736
"Kyrgyzstan",2009,5.628532
"Kyrgyzstan",2010,5.66508
"Kyrgyzstan",2011,12.455718
"Kyrgyzstan",2012,19.878773
"Kyrgyzstan",2013,28.052933
"Kyrgyzstan",2014,9.25571
"Kyrgyzstan",2015,12.082299
"Kyrgyzstan",2016,4.37845
"Kyrgyzstan",2017,10.940209
"Kyrgyzstan",2018,4.908398
"Kyrgyzstan",2019,3.091627
"Kyrgyzstan",2020,15.272978
"Kyrgyzstan",2021,1.942258
"Kyrgyzstan",2022,23.548174
"Kyrgyzstan",2023,21.113926
"Kyrgyzstan",2024,31.776275
"Lao People's Democratic Republic",2007,17.178447
"Lao People's Democratic Republic",2008,22.389685
"Lao People's Democratic Republic",2009,18.001071
"Lao People's Democratic Republic",2010,76.414957
"Lao People's Democratic Republic",2011,54.691039
"Lao People's Democratic Republic",2012,61.219183
"Lao People's Democratic Republic",2013,17.761163
"Lao People's Democratic Republic",2014,56.282163
"Lao People's Democratic Republic",2015,5.631166
"Lao People's Democratic Republic",2016,41.657441
"Lao People's Democratic Republic",2017,39.170427
"Lao People's Democratic Republic",2018,37.357629
"Lao People's Democratic Republic",2019,33.546714
"Lao People's Democratic Republic",2020,80.831956
"Lao People's Democratic Republic",2021,48.462598
"Lao People's Democratic Republic",2022,47.542325
"Lao People's Democratic Republic",2023,85.321559
"Lao People's Democratic Republic",2024,73.848616
"Lebanon",2007,26.644337
"Lebanon",2008,28.306847
"Lebanon",2009,13.611562
"Lebanon",2010,6.832068
"Lebanon",2011,2.5883
"Lebanon",2012,29.280851
"Lebanon",2013,9.11172
"Lebanon",2014,3.034859
"Lebanon",2015,47.427366
"Lebanon",2016,20.263115
"Lebanon",2017,45.710183
"Lebanon",2018,82.959818
"Lebanon",2019,39.175505
"Lebanon",2020,42.551019
"Lebanon",2021,24.137973
"Lebanon",2022,148.49725
"Lebanon",2023,126.784726
"Lebanon",2024,98.298494
"Lesotho",2007,0.113763
"Lesotho",2008,0.128863
"Lesotho",2009,0.854258
"Lesotho",2010,0.025847
"Lesotho",2011,8.439751
"Lesotho",2012,0.508573
"Lesotho",2013,10.084184
"Lesotho",2014,3.943064
"Lesotho",2015,6.495742
"Lesotho",2016,9.446927
"Lesotho",2017,0
"Lesotho",2018,0.884687
"Lesotho",2019,1.06195
"Lesotho",2020,10.681131
"Lesotho",2021,17.857692
"Lesotho",2022,42.734939
"Lesotho",2023,13.096657
"Lesotho",2024,22.006092
"Liberia",2008,0.532909
"Liberia",2009,1.109607
"Liberia",2010,14.132065
"Liberia",2011,42.135034
"Liberia",2012,76.309465
"Liberia",2013,163.447772
"Liberia",2014,16.196741
"Liberia",2015,205.226399
"Liberia",2016,104.986887
"Liberia",2017,78.128976
"Liberia",2018,36.935751
"Liberia",2019,85.778341
"Liberia",2020,17.482172
"Liberia",2021,16.642424
"Liberia",2022,27.568693
"Liberia",2023,75.430457
"Liberia",2024,23.757529
"Libya",2007,0.022714
"Libya",2008,0.098672
"Libya",2009,0.01347
"Libya",2010,0.020884
"Libya",2011,0.021813
"Libya",2012,1.146253
"Libya",2013,4.397066
"Libya",2014,0
"Libya",2016,0.016584
"Libya",2017,0.013177
"Libya",2018,0
"Libya",2019,0.001949
"Libya",2020,0.697715
"Libya",2021,8.256712
"Libya",2022,15.456597
"Libya",2023,28.6775
"Libya",2024,18.869072
"Madagascar",2007,24.472693
"Madagascar",2008,10.434643
"Madagascar",2009,0.981722
"Madagascar",2010,6.51721
"Madagascar",2011,61.997109
"Madagascar",2012,10.311106
"Madagascar",2013,26.100114
"Madagascar",2014,33.173696
"Madagascar",2015,67.531056
"Madagascar",2016,115.212657
"Madagascar",2017,153.766866
"Madagascar",2018,173.524604
"Madagascar",2019,72.981902
"Madagascar",2020,139.144884
"Madagascar",2021,152.037796
"Madagascar",2022,99.172538
"Madagascar",2023,206.622489
"Madagascar",2024,504.130563
"Malawi",2007,18.104798
"Malawi",2008,10.02243
"Malawi",2009,60.981887
"Malawi",2010,40.334363
"Malawi",2011,22.990893
"Malawi",2012,47.825864
"Malawi",2013,447.163274
"Malawi",2014,53.584094
"Malawi",2015,20.969008
"Malawi",2016,58.115031
"Malawi",2017,38.904309
"Malawi",2018,35.650959
"Malawi",2019,44.275855
"Malawi",2020,34.965442
"Malawi",2021,63.061886
"Malawi",2022,88.112049
"Malawi",2023,72.501051
"Malawi",2024,78.891138
"Malaysia",2007,1.953324
"Malaysia",2008,0.557485
"Malaysia",2009,1.000183
"Malaysia",2010,4.053412
"Malaysia",2011,1.507686
"Malaysia",2012,13.334595
"Malaysia",2013,9.466199
"Malaysia",2014,3.699005
"Malaysia",2015,11.532686
"Malaysia",2016,17.936913
"Malaysia",2017,7.550009
"Malaysia",2018,1.11394
"Malaysia",2019,19.812481
"Malaysia",2020,14.166522
"Malaysia",2021,15.452982
"Malaysia",2022,10.831258
"Malaysia",2023,5.78296
"Malaysia",2024,25.129928
"Maldives",2007,0.034808
"Maldives",2008,14.359938
"Maldives",2009,26.47903
"Maldives",2010,14.633284
"Maldives",2011,11.633377
"Maldives",2012,5.254826
"Maldives",2013,6.84225
"Maldives",2014,29.035103
"Maldives",2015,5.287298
"Maldives",2016,0
"Maldives",2017,0.283712
"Maldives",2018,6.579475
"Maldives",2019,9.931285
"Maldives",2020,1.002695
"Maldives",2021,10.575252
"Maldives",2022,1.623247
"Maldives",2023,13.17098
"Maldives",2024,7.116378
"Mali",2007,21.709089
"Mali",2008,45.278842
"Mali",2009,90.571073
"Mali",2010,108.588904
"Mali",2011,12.100956
"Mali",2012,9.059891
"Mali",2013,98.2886289999999
"Mali",2014,138.584196
"Mali",2015,66.029405
"Mali",2016,170.372229
"Mali",2017,142.302412
"Mali",2018,100.404547
"Mali",2019,32.226587
"Mali",2020,86.902646
"Mali",2021,67.7042799999999
"Mali",2022,57.529001
"Mali",2023,89.618952
"Mali",2024,120.070671
"Marshall Islands",2007,2.735885
"Marshall Islands",2008,0
"Marshall Islands",2009,16.266398
"Marshall Islands",2010,0
"Marshall Islands",2011,0.16239
"Marshall Islands",2012,0.037601
"Marshall Islands",2013,6.641634
"Marshall Islands",2014,0.215485
"Marshall Islands",2015,5.09145
"Marshall Islands",2016,12.391425
"Marshall Islands",2017,22.60765
"Marshall Islands",2018,0.155215
"Marshall Islands",2019,1.942014
"Marshall Islands",2020,2.505476
"Marshall Islands",2021,10.472861
"Marshall Islands",2022,1.210297
"Marshall Islands",2023,3.065797
"Marshall Islands",2024,5.202602
"Mauritania",2007,0.12521
"Mauritania",2008,1.854357
"Mauritania",2009,5.114813
"Mauritania",2010,4.14103
"Mauritania",2011,1.522489
"Mauritania",2012,54.714103
"Mauritania",2013,43.670791
"Mauritania",2014,11.965341
"Mauritania",2015,1.607198
"Mauritania",2016,11.178896
"Mauritania",2017,59.33077
"Mauritania",2018,8.637491
"Mauritania",2019,12.454937
"Mauritania",2020,48.174438
"Mauritania",2021,10.767385
"Mauritania",2022,23.001585
"Mauritania",2023,174.138098
"Mauritania",2024,55.259457
"Mauritius",2007,0.039153
"Mauritius",2008,1.971335
"Mauritius",2009,89.628058
"Mauritius",2010,201.930391
"Mauritius",2011,5.340877
"Mauritius",2012,0.395539
"Mauritius",2013,70.579384
"Mauritius",2014,62.620968
"Mauritius",2015,0.227026
"Mauritius",2016,38.160002
"Mauritius",2017,6.112572
"Mauritius",2018,105.44763
"Mauritius",2019,22.749533
"Mauritius",2020,382.415468
"Mauritius",2021,0.685925
"Mauritius",2022,4.528383
"Mauritius",2023,297.017467
"Mauritius",2024,82.945294
"Melanesia, regional",2019,12.198872
"Melanesia, regional",2020,1.95045
"Melanesia, regional",2021,0
"Melanesia, regional",2022,0
"Melanesia, regional",2023,3.864548
"Melanesia, regional",2024,0.13471
"Mexico",2007,37.632017
"Mexico",2008,1347.862704
"Mexico",2009,1783.332704
"Mexico",2010,1770.610062
"Mexico",2011,418.826271
"Mexico",2012,434.276905
"Mexico",2013,154.183991
"Mexico",2014,340.011646
"Mexico",2015,202.891784
"Mexico",2016,581.851442
"Mexico",2017,519.916051
"Mexico",2018,496.106039
"Mexico",2019,279.284694
"Mexico",2020,780.080166
"Mexico",2021,453.965134
"Mexico",2022,402.592336
"Mexico",2023,472.823017
"Mexico",2024,284.77391
"Micronesia",2007,2.132613
"Micronesia",2008,0
"Micronesia",2009,14.669438
"Micronesia",2010,0
"Micronesia",2011,0
"Micronesia",2012,0.191628
"Micronesia",2013,0.63998
"Micronesia",2014,0.215485
"Micronesia",2015,5.042737
"Micronesia",2016,9.752359
"Micronesia",2017,3.795022
"Micronesia",2018,1.699054
"Micronesia",2019,18.712781
"Micronesia",2020,1.010944
"Micronesia",2021,7.124358
"Micronesia",2022,3.56744
"Micronesia",2023,5.932815
"Micronesia",2024,0.156818
"Micronesia, regional",2021,0.109125
"Micronesia, regional",2022,0.104441
"Middle Africa, regional",2019,0.530561
"Middle Africa, regional",2020,6.214115
"Middle Africa, regional",2021,109.448425
"Middle Africa, regional",2022,0.890985
"Middle Africa, regional",2023,62.730736
"Middle Africa, regional",2024,61.209392
"Middle East, regional",2007,0.238114
"Middle East, regional",2008,3.655153
"Middle East, regional",2009,24.336431
"Middle East, regional",2010,43.885407
"Middle East, regional",2011,29.270168
"Middle East, regional",2012,3.895673
"Middle East, regional",2013,17.050996
"Middle East, regional",2014,272.821753
"Middle East, regional",2015,18.741851
"Middle East, regional",2016,29.665675
"Middle East, regional",2017,60.949499
"Middle East, regional",2018,73.534643
"Middle East, regional",2019,138.426338
"Middle East, regional",2020,104.007415
"Middle East, regional",2021,77.49961
"Middle East, regional",2022,47.964535
"Middle East, regional",2023,111.343493
"Middle East, regional",2024,34.907616
"Moldova",2007,0.288167
"Moldova",2008,15.36686
"Moldova",2009,11.516508
"Moldova",2010,33.478995
"Moldova",2011,73.738864
"Moldova",2012,16.016454
"Moldova",2013,43.497148
"Moldova",2014,7.592601
"Moldova",2015,23.240087
"Moldova",2016,99.162755
"Moldova",2017,16.004445
"Moldova",2018,37.513475
"Moldova",2019,24.186687
"Moldova",2020,35.070992
"Moldova",2021,8.124048
"Moldova",2022,109.590831
"Moldova",2023,226.71126
"Moldova",2024,300.480815
"Mongolia",2007,27.217695
"Mongolia",2008,34.354206
"Mongolia",2009,47.324795
"Mongolia",2010,132.935001
"Mongolia",2011,10.968306
"Mongolia",2012,26.631226
"Mongolia",2013,60.715078
"Mongolia",2014,12.611725
"Mongolia",2015,13.105018
"Mongolia",2016,92.249877
"Mongolia",2017,64.993383
"Mongolia",2018,60.628399
"Mongolia",2019,412.307138
"Mongolia",2020,18.193197
"Mongolia",2021,46.375979
"Mongolia",2022,33.120262
"Mongolia",2023,43.954555
"Mongolia",2024,141.418859
"Montenegro",2007,10.844495
"Montenegro",2008,19.700472
"Montenegro",2009,10.161596
"Montenegro",2010,3.888658
"Montenegro",2011,0.372241
"Montenegro",2012,12.362481
"Montenegro",2013,46.234579
"Montenegro",2014,38.302266
"Montenegro",2015,6.869961
"Montenegro",2016,29.456951
"Montenegro",2017,22.881336
"Montenegro",2018,40.343894
"Montenegro",2019,151.136736
"Montenegro",2020,30.154654
"Montenegro",2021,25.446162
"Montenegro",2022,13.747618
"Montenegro",2023,11.483873
"Montenegro",2024,137.004285
"Montserrat",2008,1.592098
"Montserrat",2009,0
"Montserrat",2010,0
"Montserrat",2015,2.450996
"Montserrat",2016,9.775615
"Montserrat",2017,0.121454
"Montserrat",2018,24.591833
"Montserrat",2019,0
"Montserrat",2020,0.057377
"Montserrat",2021,0.038339
"Montserrat",2022,0.300159
"Montserrat",2023,0.00891
"Montserrat",2024,0.012776
"Morocco",2007,141.833777
"Morocco",2008,171.794563
"Morocco",2009,196.987103
"Morocco",2010,391.510736
"Morocco",2011,276.058661
"Morocco",2012,893.457585
"Morocco",2013,638.793392
"Morocco",2014,1181.602733
"Morocco",2015,181.948707
"Morocco",2016,578.590365
"Morocco",2017,243.177326
"Morocco",2018,963.661969
"Morocco",2019,253.446925
"Morocco",2020,393.782573
"Morocco",2021,172.674177
"Morocco",2022,353.789995
"Morocco",2023,1604.564446
"Morocco",2024,605.781871
"Mozambique",2007,9.336563
"Mozambique",2008,39.985353
"Mozambique",2009,32.114116
"Mozambique",2010,297.548936
"Mozambique",2011,71.581817
"Mozambique",2012,122.148966
"Mozambique",2013,64.557277
"Mozambique",2014,295.388249
"Mozambique",2015,139.569668
"Mozambique",2016,75.921689
"Mozambique",2017,164.183268
"Mozambique",2018,186.465048
"Mozambique",2019,286.271616
"Mozambique",2020,292.922254
"Mozambique",2021,206.565681
"Mozambique",2022,269.746531
"Mozambique",2023,238.590649
"Mozambique",2024,178.120283
"Myanmar",2007,0.512354
"Myanmar",2008,0.973748
"Myanmar",2009,3.405727
"Myanmar",2010,12.323577
"Myanmar",2011,12.46801
"Myanmar",2012,9.862407
"Myanmar",2013,142.381539
"Myanmar",2014,34.833459
"Myanmar",2015,554.928605
"Myanmar",2016,50.710126
"Myanmar",2017,377.155506
"Myanmar",2018,74.017084
"Myanmar",2019,123.99999
"Myanmar",2020,459.305647
"Myanmar",2021,31.848451
"Myanmar",2022,63.233673
"Myanmar",2023,37.298961
"Myanmar",2024,36.982228
"Namibia",2007,1.438621
"Namibia",2008,61.595036
"Namibia",2009,0.498493
"Namibia",2010,56.685606
"Namibia",2011,3.073778
"Namibia",2012,15.215048
"Namibia",2013,24.200183
"Namibia",2014,2.343781
"Namibia",2015,36.011542
"Namibia",2016,38.089709
"Namibia",2017,70.612766
"Namibia",2018,20.536111
"Namibia",2019,31.646496
"Namibia",2020,4.34922
"Namibia",2021,30.188053
"Namibia",2022,64.801093
"Namibia",2023,51.495975
"Namibia",2024,103.835426
"Nauru",2007,1.188601
"Nauru",2008,0
"Nauru",2009,3.350372
"Nauru",2010,0
"Nauru",2011,0.859874
"Nauru",2012,0.006877
"Nauru",2013,3.308078
"Nauru",2014,0.221587
"Nauru",2015,4.431419
"Nauru",2016,3.400219
"Nauru",2017,34.572134
"Nauru",2018,4.341152
"Nauru",2019,5.53899
"Nauru",2020,4.09718
"Nauru",2021,3.478355
"Nauru",2022,1.986983
"Nauru",2023,3.478207
"Nauru",2024,7.698503
"Nepal",2007,79.075578
"Nepal",2008,20.996737
"Nepal",2009,138.971104
"Nepal",2010,63.823475
"Nepal",2011,68.598025
"Nepal",2012,73.464941
"Nepal",2013,94.634399
"Nepal",2014,124.600194
"Nepal",2015,61.144664
"Nepal",2016,90.177155
"Nepal",2017,43.493372
"Nepal",2018,86.906259
"Nepal",2019,166.874503
"Nepal",2020,43.595168
"Nepal",2021,171.83586
"Nepal",2022,259.368744
"Nepal",2023,34.732382
"Nepal",2024,145.057053
"Nicaragua",2007,5.711267
"Nicaragua",2008,66.447674
"Nicaragua",2009,36.04995
"Nicaragua",2010,54.326803
"Nicaragua",2011,58.081067
"Nicaragua",2012,36.092561
"Nicaragua",2013,21.215126
"Nicaragua",2014,7.935084
"Nicaragua",2015,27.402442
"Nicaragua",2016,59.543311
"Nicaragua",2017,37.47914
"Nicaragua",2018,21.727371
"Nicaragua",2019,17.818669
"Nicaragua",2020,20.954404
"Nicaragua",2021,46.082408
"Nicaragua",2022,40.755959
"Nicaragua",2023,20.378649
"Nicaragua",2024,47.378431
"Niger",2007,0.001448
"Niger",2008,28.154675
"Niger",2009,33.791124
"Niger",2010,7.400404
"Niger",2011,34.87003
"Niger",2012,48.970286
"Niger",2013,15.180894
"Niger",2014,73.766852
"Niger",2015,34.278183
"Niger",2016,26.366423
"Niger",2017,20.896803
"Niger",2018,18.533515
"Niger",2019,71.816906
"Niger",2020,78.204338
"Niger",2021,103.758587
"Niger",2022,153.897639
"Niger",2023,177.463368
"Niger",2024,58.321291
"Nigeria",2007,0.621951
"Nigeria",2008,1.882932
"Nigeria",2009,2.026141
"Nigeria",2010,14.624031
"Nigeria",2011,6.052653
"Nigeria",2012,247.393552
"Nigeria",2013,61.579843
"Nigeria",2014,47.536883
"Nigeria",2015,142.380716
"Nigeria",2016,96.028655
"Nigeria",2017,375.468706
"Nigeria",2018,118.400172
"Nigeria",2019,437.855368
"Nigeria",2020,140.627475
"Nigeria",2021,208.612075
"Nigeria",2022,638.975666
"Nigeria",2023,373.886074
"Nigeria",2024,204.649475
"Niue",2007,0.033956
"Niue",2008,0.032679
"Niue",2009,3.724832
"Niue",2010,0
"Niue",2011,0
"Niue",2012,0.006877
"Niue",2013,5.635519
"Niue",2014,0.215485
"Niue",2015,0.610728
"Niue",2016,0.6806
"Niue",2017,8.394901
"Niue",2018,0.737662
"Niue",2019,0.448667
"Niue",2020,0
"Niue",2021,5.068697
"Niue",2022,0.492653
"Niue",2023,0.405875
"Niue",2024,11.788644
"North Macedonia",2007,4.00603
"North Macedonia",2008,2.816967
"North Macedonia",2009,6.008579
"North Macedonia",2010,46.969345
"North Macedonia",2011,81.707738
"North Macedonia",2012,14.406993
"North Macedonia",2013,62.082529
"North Macedonia",2014,1.252907
"North Macedonia",2015,70.294377
"North Macedonia",2016,6.96594
"North Macedonia",2017,25.420913
"North Macedonia",2018,89.179597
"North Macedonia",2019,93.418376
"North Macedonia",2020,30.649457
"North Macedonia",2021,108.766398
"North Macedonia",2022,74.126907
"North Macedonia",2023,218.54566
"North Macedonia",2024,228.043746
"North of Sahara, regional",2007,0.098108
"North of Sahara, regional",2008,29.334821
"North of Sahara, regional",2009,66.043368
"North of Sahara, regional",2010,58.475608
"North of Sahara, regional",2011,1.2742
"North of Sahara, regional",2012,7.063001
"North of Sahara, regional",2013,34.73805
"North of Sahara, regional",2014,9.148491
"North of Sahara, regional",2015,9.692804
"North of Sahara, regional",2016,0.102975
"North of Sahara, regional",2017,2.794654
"North of Sahara, regional",2018,12.058959
"North of Sahara, regional",2019,2.969005
"North of Sahara, regional",2020,22.582658
"North of Sahara, regional",2021,93.605167
"North of Sahara, regional",2022,11.631029
"North of Sahara, regional",2023,20.794478
"North of Sahara, regional",2024,38.96567
"Oceania, regional",2007,1.906595
"Oceania, regional",2008,9.176793
"Oceania, regional",2009,97.033839
"Oceania, regional",2010,37.191673
"Oceania, regional",2011,16.404016
"Oceania, regional",2012,75.106001
"Oceania, regional",2013,57.725176
"Oceania, regional",2014,4.278599
"Oceania, regional",2015,30.537241
"Oceania, regional",2016,68.654789
"Oceania, regional",2017,96.716887
"Oceania, regional",2018,53.349616
"Oceania, regional",2019,161.412375
"Oceania, regional",2020,57.595307
"Oceania, regional",2021,89.305209
"Oceania, regional",2022,84.256953
"Oceania, regional",2023,191.185005
"Oceania, regional",2024,120.794477
"Oman",2007,0.010152
"Oman",2008,0.779115
"Oman",2009,0.051101
"Pakistan",2007,1.944708
"Pakistan",2008,184.662722
"Pakistan",2009,38.047095
"Pakistan",2010,286.231928
"Pakistan",2011,31.449236
"Pakistan",2012,134.035436
"Pakistan",2013,67.257128
"Pakistan",2014,222.409432
"Pakistan",2015,283.466069
"Pakistan",2016,96.251937
"Pakistan",2017,481.775315
"Pakistan",2018,139.973964
"Pakistan",2019,380.189729
"Pakistan",2020,111.742813
"Pakistan",2021,78.534074
"Pakistan",2022,165.497773
"Pakistan",2023,531.776058
"Pakistan",2024,249.338335
"Palau",2007,2.023211
"Palau",2008,0.373333
"Palau",2009,7.394175
"Palau",2010,0.450115
"Palau",2011,0.328476
"Palau",2012,13.168714
"Palau",2013,3.496314
"Palau",2014,4.345824
"Palau",2015,6.441214
"Palau",2016,5.121262
"Palau",2017,0.987971
"Palau",2018,2.817785
"Palau",2019,3.323983
"Palau",2020,1.189661
"Palau",2021,1.302626
"Palau",2022,41.100984
"Palau",2023,18.232907
"Palau",2024,2.333384
"Panama",2007,4.798649
"Panama",2008,1.765715
"Panama",2009,1.719439
"Panama",2010,5.742664
"Panama",2011,16.237952
"Panama",2012,0.290198
"Panama",2013,3.842167
"Panama",2014,1.268249
"Panama",2015,2.900701
"Panama",2016,213.488271
"Panama",2017,3.232382
"Panama",2018,1.645704
"Panama",2019,25.791263
"Panama",2020,30.53223
"Panama",2021,2.588419
"Panama",2022,4.957304
"Panama",2023,671.12698
"Panama",2024,36.35925
"Papua New Guinea",2007,5.493994
"Papua New Guinea",2008,8.355277
"Papua New Guinea",2009,30.808
"Papua New Guinea",2010,24.310421
"Papua New Guinea",2011,11.913619
"Papua New Guinea",2012,22.516404
"Papua New Guinea",2013,75.997699
"Papua New Guinea",2014,10.118498
"Papua New Guinea",2015,216.606175
"Papua New Guinea",2016,34.614328
"Papua New Guinea",2017,82.752288
"Papua New Guinea",2018,199.706429
"Papua New Guinea",2019,64.201831
"Papua New Guinea",2020,84.1967959999999
"Papua New Guinea",2021,30.1062
"Papua New Guinea",2022,147.349314
"Papua New Guinea",2023,138.832449
"Papua New Guinea",2024,275.528477
"Paraguay",2007,15.055876
"Paraguay",2008,1.230434
"Paraguay",2009,7.209353
"Paraguay",2010,6.312449
"Paraguay",2011,3.854371
"Paraguay",2012,7.526494
"Paraguay",2013,7.701378
"Paraguay",2014,3.365861
"Paraguay",2015,0.634084
"Paraguay",2016,21.573022
"Paraguay",2017,3.946306
"Paraguay",2018,2.451696
"Paraguay",2019,86.36029
"Paraguay",2020,111.299072
"Paraguay",2021,68.209735
"Paraguay",2022,135.171697
"Paraguay",2023,418.982539
"Paraguay",2024,40.49093
"Peru",2007,12.13259
"Peru",2008,33.620613
"Peru",2009,108.435711
"Peru",2010,72.787288
"Peru",2011,96.380377
"Peru",2012,187.808561
"Peru",2013,109.435043
"Peru",2014,166.115688
"Peru",2015,229.867824
"Peru",2016,497.485554
"Peru",2017,172.485907
"Peru",2018,127.034564
"Peru",2019,340.782194
"Peru",2020,455.135506
"Peru",2021,290.304685
"Peru",2022,420.969443
"Peru",2023,288.803434
"Peru",2024,248.148706
"Philippines",2007,81.481712
"Philippines",2008,188.065395
"Philippines",2009,98.785311
"Philippines",2010,20.483402
"Philippines",2011,22.989261
"Philippines",2012,277.794721
"Philippines",2013,486.525783
"Philippines",2014,132.944927
"Philippines",2015,1849.604897
"Philippines",2016,70.631956
"Philippines",2017,51.605847
"Philippines",2018,788.663274
"Philippines",2019,1276.326944
"Philippines",2020,88.365247
"Philippines",2021,76.132107
"Philippines",2022,2150.984384
"Philippines",2023,2776.889455
"Philippines",2024,1811.036999
"Polynesia, regional",2023,3.970631
"Polynesia, regional",2024,8.116127
"Rwanda",2007,23.804526
"Rwanda",2008,37.575152
"Rwanda",2009,35.753668
"Rwanda",2010,18.381101
"Rwanda",2011,73.26043
"Rwanda",2012,35.644502
"Rwanda",2013,53.548777
"Rwanda",2014,39.812161
"Rwanda",2015,30.421447
"Rwanda",2016,285.745535
"Rwanda",2017,103.525273
"Rwanda",2018,47.396302
"Rwanda",2019,198.812364
"Rwanda",2020,7.762298
"Rwanda",2021,248.480868
"Rwanda",2022,400.487359
"Rwanda",2023,310.713077
"Rwanda",2024,314.655401
"Saint Helena",2008,0.150531
"Saint Helena",2010,0
"Saint Helena",2014,5.723965
"Saint Helena",2015,1.7335
"Saint Helena",2016,0.268484
"Saint Helena",2017,0.019406
"Saint Helena",2018,0.08333
"Saint Helena",2020,0.059938
"Saint Helena",2021,1.753963
"Saint Helena",2022,0.045512
"Saint Helena",2023,0.00891
"Saint Kitts and Nevis",2007,0.034808
"Saint Kitts and Nevis",2008,0.431472
"Saint Kitts and Nevis",2009,0
"Saint Kitts and Nevis",2010,0.001351
"Saint Kitts and Nevis",2011,0.454502
"Saint Kitts and Nevis",2012,0.013874
"Saint Kitts and Nevis",2013,17.794142
"Saint Lucia",2007,0.039272
"Saint Lucia",2010,0.014926
"Saint Lucia",2011,0.489068
"Saint Lucia",2012,14.607076
"Saint Lucia",2013,1.127346
"Saint Lucia",2014,5.207267
"Saint Lucia",2015,0.008472
"Saint Lucia",2016,5.305894
"Saint Lucia",2017,11.789138
"Saint Lucia",2018,0.012861
"Saint Lucia",2019,4.259016
"Saint Lucia",2020,0.88871
"Saint Lucia",2021,0.012415
"Saint Lucia",2022,4.831681
"Saint Lucia",2023,6.793702
"Saint Lucia",2024,3.609669
"Saint Vincent and the Grenadines",2007,0.034808
"Saint Vincent and the Grenadines",2008,0.42905
"Saint Vincent and the Grenadines",2009,0.124136
"Saint Vincent and the Grenadines",2010,0
"Saint Vincent and the Grenadines",2011,0.605878
"Saint Vincent and the Grenadines",2012,14.004501
"Saint Vincent and the Grenadines",2013,2.92891
"Saint Vincent and the Grenadines",2014,5.035342
"Saint Vincent and the Grenadines",2015,0
"Saint Vincent and the Grenadines",2016,17.995381
"Saint Vincent and the Grenadines",2017,3.713795
"Saint Vincent and the Grenadines",2018,0.008038
"Saint Vincent and the Grenadines",2019,0
"Saint Vincent and the Grenadines",2020,0.275135
"Saint Vincent and the Grenadines",2021,0.006469
"Saint Vincent and the Grenadines",2022,0.393739
"Saint Vincent and the Grenadines",2023,1.912004
"Saint Vincent and the Grenadines",2024,1.157371
"Samoa",2007,47.139429
"Samoa",2008,0.609424
"Samoa",2009,6.971927
"Samoa",2010,12.98252
"Samoa",2011,5.571942
"Samoa",2012,2.545673
"Samoa",2013,7.256382
"Samoa",2014,21.129104
"Samoa",2015,14.185167
"Samoa",2016,17.287365
"Samoa",2017,9.692505
"Samoa",2018,6.174551
"Samoa",2019,5.197149
"Samoa",2020,6.140762
"Samoa",2021,11.538015
"Samoa",2022,23.394554
"Samoa",2023,31.95584
"Samoa",2024,17.23906
"Sao Tome and Principe",2007,0.238433
"Sao Tome and Principe",2008,0.232604
"Sao Tome and Principe",2009,0.329545
"Sao Tome and Principe",2010,0.194915
"Sao Tome and Principe",2011,0.230132
"Sao Tome and Principe",2012,4.648685
"Sao Tome and Principe",2013,14.531031
"Sao Tome and Principe",2014,0.408208
"Sao Tome and Principe",2015,17.602558
"Sao Tome and Principe",2016,0.472555
"Sao Tome and Principe",2017,2.095557
"Sao Tome and Principe",2018,5.942004
"Sao Tome and Principe",2019,0.001765
"Sao Tome and Principe",2020,5.016238
"Sao Tome and Principe",2021,3.40875
"Sao Tome and Principe",2022,2.292091
"Sao Tome and Principe",2023,18.141603
"Sao Tome and Principe",2024,0.934592
"Saudi Arabia",2007,0.043136
"Senegal",2007,2.289511
"Senegal",2008,23.703095
"Senegal",2009,62.733534
"Senegal",2010,91.743923
"Senegal",2011,31.462551
"Senegal",2012,60.678877
"Senegal",2013,28.776853
"Senegal",2014,70.886175
"Senegal",2015,74.511135
"Senegal",2016,121.796462
"Senegal",2017,225.363819
"Senegal",2018,196.437998
"Senegal",2019,289.052134
"Senegal",2020,119.328795
"Senegal",2021,147.047265
"Senegal",2022,131.042619
"Senegal",2023,797.406182000002
"Senegal",2024,504.379285
"Serbia",2007,74.960415
"Serbia",2008,159.263778
"Serbia",2009,18.487565
"Serbia",2010,40.632154
"Serbia",2011,153.515025
"Serbia",2012,242.497117
"Serbia",2013,64.693629
"Serbia",2014,228.534427
"Serbia",2015,150.838949
"Serbia",2016,87.329239
"Serbia",2017,347.886989
"Serbia",2018,298.450616
"Serbia",2019,579.523612
"Serbia",2020,673.840622
"Serbia",2021,426.016348
"Serbia",2022,566.652468
"Serbia",2023,979.582991
"Serbia",2024,710.260906
"Seychelles",2007,0.034808
"Seychelles",2008,0
"Seychelles",2009,0.012828
"Seychelles",2010,1.375665
"Seychelles",2011,0
"Seychelles",2012,0
"Seychelles",2013,1.947314
"Seychelles",2014,4.27793
"Seychelles",2015,0.033579
"Seychelles",2016,0.526723
"Seychelles",2017,5.491943
"Sierra Leone",2007,0.145535
"Sierra Leone",2008,0.181349
"Sierra Leone",2009,0.263547
"Sierra Leone",2010,4.075034
"Sierra Leone",2011,25.735025
"Sierra Leone",2012,9.867947
"Sierra Leone",2013,5.126447
"Sierra Leone",2014,10.670779
"Sierra Leone",2015,0.282629
"Sierra Leone",2016,21.222635
"Sierra Leone",2017,1.685703
"Sierra Leone",2018,5.886574
"Sierra Leone",2019,51.090989
"Sierra Leone",2020,12.395541
"Sierra Leone",2021,15.541298
"Sierra Leone",2022,110.375315
"Sierra Leone",2023,71.453255
"Sierra Leone",2024,128.921096
"Solomon Islands",2007,0.996086
"Solomon Islands",2008,7.834615
"Solomon Islands",2009,14.991118
"Solomon Islands",2010,12.983443
"Solomon Islands",2011,2.70733
"Solomon Islands",2012,13.892169
"Solomon Islands",2013,12.6636
"Solomon Islands",2014,3.035354
"Solomon Islands",2015,8.806165
"Solomon Islands",2016,10.241377
"Solomon Islands",2017,155.915154
"Solomon Islands",2018,23.17994
"Solomon Islands",2019,28.739917
"Solomon Islands",2020,20.52596
"Solomon Islands",2021,36.113064
"Solomon Islands",2022,31.301691
"Solomon Islands",2023,50.589762
"Solomon Islands",2024,78.873066
"Somalia",2007,0.238274
"Somalia",2008,0.046014
"Somalia",2009,0.892738
"Somalia",2010,0.489859
"Somalia",2011,11.86637
"Somalia",2012,39.379301
"Somalia",2013,18.1243
"Somalia",2014,17.445109
"Somalia",2015,1.591892
"Somalia",2016,25.034873
"Somalia",2017,2.497804
"Somalia",2018,42.960463
"Somalia",2019,71.177796
"Somalia",2020,26.134551
"Somalia",2021,30.809502
"Somalia",2022,139.464058
"Somalia",2023,80.828566
"Somalia",2024,189.693777
"South & Central Asia, regional",2007,0.413955
"South & Central Asia, regional",2008,0.55343
"South & Central Asia, regional",2009,9.595508
"South & Central Asia, regional",2010,5.810909
"South & Central Asia, regional",2011,7.647196
"South & Central Asia, regional",2012,33.101785
"South & Central Asia, regional",2013,5.431361
"South & Central Asia, regional",2014,9.932728
"South & Central Asia, regional",2015,10.003084
"South & Central Asia, regional",2016,6.631372
"South & Central Asia, regional",2017,6.759569
"South & Central Asia, regional",2018,34.084525
"South & Central Asia, regional",2019,28.579287
"South & Central Asia, regional",2020,38.917168
"South & Central Asia, regional",2021,61.471441
"South & Central Asia, regional",2022,7.327488
"South & Central Asia, regional",2023,29.812872
"South & Central Asia, regional",2024,10.078549
"South Africa",2007,52.357115
"South Africa",2008,103.805024
"South Africa",2009,18.232166
"South Africa",2010,4306.257115
"South Africa",2011,121.207537
"South Africa",2012,235.060948
"South Africa",2013,459.370718
"South Africa",2014,115.302174
"South Africa",2015,968.192489
"South Africa",2016,184.91031
"South Africa",2017,75.029905
"South Africa",2018,668.030719
"South Africa",2019,208.415534
"South Africa",2020,113.302664
"South Africa",2021,259.566286
"South Africa",2022,1195.116011
"South Africa",2023,1100.898003
"South Africa",2024,1084.775953
"South America, regional",2007,11.115864
"South America, regional",2008,25.811038
"South America, regional",2009,17.824191
"South America, regional",2010,87.577505
"South America, regional",2011,113.002405
"South America, regional",2012,154.008398
"South America, regional",2013,39.39057
"South America, regional",2014,55.44825
"South America, regional",2015,138.136264
"South America, regional",2016,214.17125
"South America, regional",2017,236.950599
"South America, regional",2018,279.372581
"South America, regional",2019,116.764639
"South America, regional",2020,480.792977
"South America, regional",2021,225.906458
"South America, regional",2022,142.085351
"South America, regional",2023,126.533329
"South America, regional",2024,117.256542
"South Asia, regional",2007,3.480485
"South Asia, regional",2008,3.522103
"South Asia, regional",2009,9.549328
"South Asia, regional",2010,8.050648
"South Asia, regional",2011,14.073501
"South Asia, regional",2012,1.491186
"South Asia, regional",2013,18.41187
"South Asia, regional",2014,2.664688
"South Asia, regional",2015,29.459715
"South Asia, regional",2016,26.689041
"South Asia, regional",2017,3.769079
"South Asia, regional",2018,36.730398
"South Asia, regional",2019,23.802374
"South Asia, regional",2020,44.929125
"South Asia, regional",2021,18.343046
"South Asia, regional",2022,33.933683
"South Asia, regional",2023,117.104975
"South Asia, regional",2024,136.424725
"South Sudan",2011,39.079057
"South Sudan",2012,3.010673
"South Sudan",2013,13.057315
"South Sudan",2014,10.091287
"South Sudan",2015,10.756647
"South Sudan",2016,38.433895
"South Sudan",2017,0.414848
"South Sudan",2018,17.640011
"South Sudan",2019,6.477336
"South Sudan",2020,9.277417
"South Sudan",2021,11.678699
"South Sudan",2022,43.658291
"South Sudan",2023,20.91244
"South Sudan",2024,29.590051
"South of Sahara, regional",2007,42.155232
"South of Sahara, regional",2008,81.965812
"South of Sahara, regional",2009,214.791206
"South of Sahara, regional",2010,136.045273
"South of Sahara, regional",2011,293.63326
"South of Sahara, regional",2012,245.425062
"South of Sahara, regional",2013,422.94295
"South of Sahara, regional",2014,254.581851
"South of Sahara, regional",2015,461.117627
"South of Sahara, regional",2016,1257.641495
"South of Sahara, regional",2017,849.322561
"South of Sahara, regional",2018,667.051475
"South of Sahara, regional",2019,463.346969
"South of Sahara, regional",2020,611.176552
"South of Sahara, regional",2021,1341.441227
"South of Sahara, regional",2022,692.489456
"South of Sahara, regional",2023,936.667461
"South of Sahara, regional",2024,1029.640684
"Southern Africa, regional",2020,12.077546
"Southern Africa, regional",2021,9.437597
"Southern Africa, regional",2022,7.234935
"Southern Africa, regional",2023,31.502574
"Southern Africa, regional",2024,6.859762
"Sri Lanka",2007,46.558901
"Sri Lanka",2008,11.747841
"Sri Lanka",2009,7.757676
"Sri Lanka",2010,148.010182
"Sri Lanka",2011,7.618411
"Sri Lanka",2012,76.49278
"Sri Lanka",2013,127.975729
"Sri Lanka",2014,82.528254
"Sri Lanka",2015,254.060407
"Sri Lanka",2016,23.800624
"Sri Lanka",2017,10.692082
"Sri Lanka",2018,3.463573
"Sri Lanka",2019,234.629972
"Sri Lanka",2020,19.983069
"Sri Lanka",2021,20.00349
"Sri Lanka",2022,57.544859
"Sri Lanka",2023,61.419637
"Sri Lanka",2024,71.4385120000001
"States Ex-Yugoslavia unspecified",2007,0.087419
"States Ex-Yugoslavia unspecified",2008,0.358924
"States Ex-Yugoslavia unspecified",2010,0.051802
"States Ex-Yugoslavia unspecified",2011,0.752251
"States Ex-Yugoslavia unspecified",2012,0
"States Ex-Yugoslavia unspecified",2013,0
"States Ex-Yugoslavia unspecified",2014,1.508032
"States Ex-Yugoslavia unspecified",2015,0.042291
"States Ex-Yugoslavia unspecified",2016,4.222548
"States Ex-Yugoslavia unspecified",2017,3.85278
"States Ex-Yugoslavia unspecified",2018,1.342087
"States Ex-Yugoslavia unspecified",2019,5.360322
"States Ex-Yugoslavia unspecified",2020,19.77513
"States Ex-Yugoslavia unspecified",2021,2.99367
"States Ex-Yugoslavia unspecified",2022,1.254892
"States Ex-Yugoslavia unspecified",2023,0.72107
"States Ex-Yugoslavia unspecified",2024,1.371645
"Sudan",2007,6.001364
"Sudan",2008,0.647869
"Sudan",2009,1.314707
"Sudan",2010,18.687012
"Sudan",2011,4.728137
"Sudan",2012,9.777498
"Sudan",2013,12.309863
"Sudan",2014,6.396016
"Sudan",2015,8.981508
"Sudan",2016,0.065032
"Sudan",2017,9.574463
"Sudan",2018,5.287859
"Sudan",2019,15.160438
"Sudan",2020,9.613393
"Sudan",2021,20.600069
"Sudan",2022,113.078098
"Sudan",2023,12.695102
"Sudan",2024,34.227104
"Suriname",2007,7.877784
"Suriname",2008,0.07876
"Suriname",2009,0.010695
"Suriname",2010,0
"Suriname",2011,6.14678
"Suriname",2012,5.715713
"Suriname",2013,1.08681
"Suriname",2014,0.014362
"Suriname",2015,0.374631
"Suriname",2016,9.283127
"Suriname",2017,0.098252
"Suriname",2018,0.011362
"Suriname",2019,13.979162
"Suriname",2020,0.10018
"Suriname",2021,0.553822
"Suriname",2022,2.133465
"Suriname",2023,11.740179
"Suriname",2024,5.493868
"Syrian Arab Republic",2007,1.218812
"Syrian Arab Republic",2008,0.579711
"Syrian Arab Republic",2009,78.570238
"Syrian Arab Republic",2010,10.059119
"Syrian Arab Republic",2011,1.02708
"Syrian Arab Republic",2012,4.93252
"Syrian Arab Republic",2013,0.002244
"Syrian Arab Republic",2014,4.931578
"Syrian Arab Republic",2015,14.719488
"Syrian Arab Republic",2016,0.557695
"Syrian Arab Republic",2017,0.522498
"Syrian Arab Republic",2018,2.797681
"Syrian Arab Republic",2019,8.646496
"Syrian Arab Republic",2020,1.686629
"Syrian Arab Republic",2021,0.847031
"Syrian Arab Republic",2022,7.216386
"Syrian Arab Republic",2023,5.039015
"Syrian Arab Republic",2024,40.215346
"Tajikistan",2007,1.627225
"Tajikistan",2008,41.999025
"Tajikistan",2009,13.051496
"Tajikistan",2010,6.696074
"Tajikistan",2011,49.585195
"Tajikistan",2012,3.075597
"Tajikistan",2013,23.055336
"Tajikistan",2014,48.643594
"Tajikistan",2015,5.651418
"Tajikistan",2016,11.938223
"Tajikistan",2017,64.911759
"Tajikistan",2018,5.449035
"Tajikistan",2019,39.908801
"Tajikistan",2020,11.890252
"Tajikistan",2021,46.366522
"Tajikistan",2022,51.767332
"Tajikistan",2023,32.721058
"Tajikistan",2024,35.60267
"Tanzania",2007,214.789554
"Tanzania",2008,22.163173
"Tanzania",2009,104.9151
"Tanzania",2010,215.799704
"Tanzania",2011,128.47284
"Tanzania",2012,120.805152
"Tanzania",2013,80.039403
"Tanzania",2014,113.920245
"Tanzania",2015,315.408309
"Tanzania",2016,163.987677
"Tanzania",2017,134.860726
"Tanzania",2018,95.269524
"Tanzania",2019,96.327097
"Tanzania",2020,297.463439
"Tanzania",2021,338.943975
"Tanzania",2022,666.492082
"Tanzania",2023,481.848845
"Tanzania",2024,793.2112
"Thailand",2007,1.501094
"Thailand",2008,453.652569
"Thailand",2009,463.91336
"Thailand",2010,149.429006
"Thailand",2011,12.651944
"Thailand",2012,122.56134
"Thailand",2013,16.763046
"Thailand",2014,13.553651
"Thailand",2015,305.227675
"Thailand",2016,1210.803986
"Thailand",2017,42.971383
"Thailand",2018,5.247279
"Thailand",2019,21.669389
"Thailand",2020,12.782546
"Thailand",2021,16.677799
"Thailand",2022,56.560466
"Thailand",2023,25.313604
"Thailand",2024,38.629102
"Timor-Leste",2007,3.596196
"Timor-Leste",2008,8.861694
"Timor-Leste",2009,6.953744
"Timor-Leste",2010,31.176511
"Timor-Leste",2011,44.533113
"Timor-Leste",2012,25.863039
"Timor-Leste",2013,20.870952
"Timor-Leste",2014,13.583263
"Timor-Leste",2015,5.902207
"Timor-Leste",2016,54.334459
"Timor-Leste",2017,17.235529
"Timor-Leste",2018,12.541336
"Timor-Leste",2019,21.291065
"Timor-Leste",2020,13.075715
"Timor-Leste",2021,22.032552
"Timor-Leste",2022,23.462597
"Timor-Leste",2023,35.693252
"Timor-Leste",2024,23.411028
"Togo",2007,0.034808
"Togo",2008,8.381758
"Togo",2009,0.253806
"Togo",2010,1.163468
"Togo",2011,19.099024
"Togo",2012,1.585877
"Togo",2013,10.643814
"Togo",2014,19.842195
"Togo",2015,13.817291
"Togo",2016,57.968913
"Togo",2017,7.225917
"Togo",2018,40.357831
"Togo",2019,27.303942
"Togo",2020,31.261045
"Togo",2021,110.328717
"Togo",2022,70.831291
"Togo",2023,57.038356
"Togo",2024,34.985649
"Tokelau",2007,0
"Tokelau",2008,0.021079
"Tokelau",2009,0
"Tokelau",2010,0
"Tokelau",2013,0.148607
"Tokelau",2014,0.215485
"Tokelau",2017,0.020574
"Tokelau",2018,0.016986
"Tokelau",2019,4.411173
"Tokelau",2020,0
"Tokelau",2022,0
"Tokelau",2023,0
"Tokelau",2024,2.459687
"Tonga",2007,3.872537
"Tonga",2008,0
"Tonga",2009,1.456464
"Tonga",2010,5.074634
"Tonga",2011,46.361662
"Tonga",2012,10.723369
"Tonga",2013,34.775689
"Tonga",2014,3.56963
"Tonga",2015,15.47927
"Tonga",2016,6.12998
"Tonga",2017,16.181112
"Tonga",2018,33.927814
"Tonga",2019,4.966592
"Tonga",2020,6.431281
"Tonga",2021,7.636075
"Tonga",2022,7.276941
"Tonga",2023,14.000546
"Tonga",2024,21.64311
"Trinidad and Tobago",2007,0.484338
"Trinidad and Tobago",2008,0.014645
"Trinidad and Tobago",2009,0
"Trinidad and Tobago",2010,0.182693
"Tunisia",2007,265.944577
"Tunisia",2008,107.645938
"Tunisia",2009,295.44448
"Tunisia",2010,405.903321
"Tunisia",2011,79.837625
"Tunisia",2012,13.747189
"Tunisia",2013,22.252731
"Tunisia",2014,290.001765
"Tunisia",2015,199.700401
"Tunisia",2016,166.070272
"Tunisia",2017,410.778497
"Tunisia",2018,45.759321
"Tunisia",2019,182.99666
"Tunisia",2020,251.894224
"Tunisia",2021,88.711155
"Tunisia",2022,327.899689
"Tunisia",2023,113.048387
"Tunisia",2024,290.703279
"Turkmenistan",2008,2.344235
"Turkmenistan",2009,0.096237
"Turkmenistan",2010,8.577804
"Turkmenistan",2011,2.119321
"Turkmenistan",2012,1.179285
"Turkmenistan",2013,6.879817
"Turkmenistan",2014,0.042076
"Turkmenistan",2015,0.104334
"Turkmenistan",2016,7.301735
"Turkmenistan",2017,0.007649
"Turkmenistan",2018,0.023825
"Turkmenistan",2019,5.894458
"Turkmenistan",2020,0
"Turkmenistan",2021,0.003392
"Turkmenistan",2022,10.338758
"Turkmenistan",2023,8.050824
"Turkmenistan",2024,10.510554
"Tuvalu",2007,1.083711
"Tuvalu",2008,0.07446
"Tuvalu",2009,11.089306
"Tuvalu",2010,1.124256
"Tuvalu",2011,18.595972
"Tuvalu",2012,3.727889
"Tuvalu",2013,7.132084
"Tuvalu",2014,23.36182
"Tuvalu",2015,4.385299
"Tuvalu",2016,1.000848
"Tuvalu",2017,10.964827
"Tuvalu",2018,2.246478
"Tuvalu",2019,1.115957
"Tuvalu",2020,3.888838
"Tuvalu",2021,4.665933
"Tuvalu",2022,1.352009
"Tuvalu",2023,14.14111
"Tuvalu",2024,23.797088
"Türkiye",2007,8.775546
"Türkiye",2008,367.666017
"Türkiye",2009,1562.481596
"Türkiye",2010,944.370048
"Türkiye",2011,893.525514
"Türkiye",2012,148.972266
"Türkiye",2013,604.991038
"Türkiye",2014,731.443812
"Türkiye",2015,595.85036
"Türkiye",2016,908.044016
"Türkiye",2017,311.697953
"Türkiye",2018,333.924474
"Türkiye",2019,460.808181
"Türkiye",2020,283.207946
"Türkiye",2021,772.301457
"Türkiye",2022,473.518459
"Türkiye",2023,298.280852
"Türkiye",2024,1513.540235
"Uganda",2007,48.341095
"Uganda",2008,58.04064
"Uganda",2009,72.385923
"Uganda",2010,146.804744
"Uganda",2011,86.554061
"Uganda",2012,106.672571
"Uganda",2013,209.32769
"Uganda",2014,156.94552
"Uganda",2015,128.964142
"Uganda",2016,405.360681
"Uganda",2017,97.88272
"Uganda",2018,637.701093
"Uganda",2019,467.705834
"Uganda",2020,81.639525
"Uganda",2021,95.906095
"Uganda",2022,233.920698
"Uganda",2023,365.169974
"Uganda",2024,480.402681
"Ukraine",2007,164.456085
"Ukraine",2008,112.445272
"Ukraine",2009,82.162093
"Ukraine",2010,59.564218
"Ukraine",2011,411.328082
"Ukraine",2012,169.300239
"Ukraine",2013,172.130085
"Ukraine",2014,296.422973
"Ukraine",2015,106.346154
"Ukraine",2016,236.742325
"Ukraine",2017,121.730665
"Ukraine",2018,235.458164
"Ukraine",2019,271.837875
"Ukraine",2020,68.232571
"Ukraine",2021,171.493976
"Ukraine",2022,339.099068
"Ukraine",2023,692.809197
"Ukraine",2024,2475.701585
"Uruguay",2007,0.13917
"Uruguay",2008,0.375401
"Uruguay",2009,5.60153
"Uruguay",2010,2.170844
"Uruguay",2011,52.79445
"Uruguay",2012,6.109774
"Uruguay",2013,81.566199
"Uruguay",2014,86.322391
"Uruguay",2015,0.086444
"Uruguay",2016,6.175678
"Uruguay",2017,1.460822
"Uzbekistan",2007,0.010563
"Uzbekistan",2008,1.577399
"Uzbekistan",2009,4.285624
"Uzbekistan",2010,228.682625
"Uzbekistan",2011,30.835974
"Uzbekistan",2012,16.284353
"Uzbekistan",2013,264.691915
"Uzbekistan",2014,530.978987
"Uzbekistan",2015,209.685083
"Uzbekistan",2016,34.10349
"Uzbekistan",2017,23.020896
"Uzbekistan",2018,21.581006
"Uzbekistan",2019,933.34432
"Uzbekistan",2020,269.730921
"Uzbekistan",2021,187.48635
"Uzbekistan",2022,480.190992
"Uzbekistan",2023,308.354826
"Uzbekistan",2024,966.300303
"Vanuatu",2007,0.586306
"Vanuatu",2008,0.235188
"Vanuatu",2009,0.403259
"Vanuatu",2010,10.097985
"Vanuatu",2011,10.01374
"Vanuatu",2012,14.891182
"Vanuatu",2013,15.332238
"Vanuatu",2014,18.857179
"Vanuatu",2015,17.90552
"Vanuatu",2016,19.84922
"Vanuatu",2017,26.132934
"Vanuatu",2018,11.493816
"Vanuatu",2019,3.014008
"Vanuatu",2020,7.343226
"Vanuatu",2021,10.315044
"Vanuatu",2022,38.498731
"Vanuatu",2023,24.729645
"Vanuatu",2024,18.415691
"Venezuela",2007,0.012188
"Venezuela",2008,0.155133
"Venezuela",2009,7.320329
"Venezuela",2010,5.005048
"Venezuela",2011,1.196729
"Venezuela",2012,0.233593
"Venezuela",2013,9.34341
"Venezuela",2014,5.22152
"Venezuela",2015,0.040119
"Venezuela",2016,0.144543
"Venezuela",2017,0.524204
"Venezuela",2018,0.431874
"Venezuela",2019,0.059074
"Venezuela",2020,10.314329
"Venezuela",2021,0.371801
"Venezuela",2022,11.767965
"Venezuela",2023,11.604179
"Venezuela",2024,21.955112
"Viet Nam",2007,353.442639
"Viet Nam",2008,199.717345
"Viet Nam",2009,710.79706
"Viet Nam",2010,483.432909
"Viet Nam",2011,644.92311
"Viet Nam",2012,574.093079
"Viet Nam",2013,577.465866
"Viet Nam",2014,739.164534
"Viet Nam",2015,458.583408
"Viet Nam",2016,1442.234674
"Viet Nam",2017,379.000162
"Viet Nam",2018,78.473659
"Viet Nam",2019,109.81355
"Viet Nam",2020,366.110808
"Viet Nam",2021,483.671142
"Viet Nam",2022,447.891611
"Viet Nam",2023,573.468563
"Viet Nam",2024,372.094115
"Wallis and Futuna",2009,0
"Wallis and Futuna",2010,0
"Wallis and Futuna",2011,0
"Wallis and Futuna",2012,0
"Wallis and Futuna",2013,0
"Wallis and Futuna",2014,0
"Wallis and Futuna",2016,0
"Wallis and Futuna",2018,0.081894
"Wallis and Futuna",2020,1.590196
"Wallis and Futuna",2021,0.395236
"Wallis and Futuna",2022,4.004943
"Wallis and Futuna",2023,3.788788
"Wallis and Futuna",2024,8.082423
"West Bank and Gaza Strip",2007,23.300134
"West Bank and Gaza Strip",2008,25.011102
"West Bank and Gaza Strip",2009,7.990551
"West Bank and Gaza Strip",2010,4.246496
"West Bank and Gaza Strip",2011,9.885984
"West Bank and Gaza Strip",2012,44.896062
"West Bank and Gaza Strip",2013,20.583341
"West Bank and Gaza Strip",2014,37.553522
"West Bank and Gaza Strip",2015,19.852899
"West Bank and Gaza Strip",2016,43.185844
"West Bank and Gaza Strip",2017,105.427075
"West Bank and Gaza Strip",2018,55.869568
"West Bank and Gaza Strip",2019,117.738971
"West Bank and Gaza Strip",2020,40.065453
"West Bank and Gaza Strip",2021,104.173027
"West Bank and Gaza Strip",2022,172.398195
"West Bank and Gaza Strip",2023,110.496959
"West Bank and Gaza Strip",2024,84.855475
"Western Africa, regional",2019,8.472221
"Western Africa, regional",2020,157.928241
"Western Africa, regional",2021,76.708982
"Western Africa, regional",2022,91.179466
"Western Africa, regional",2023,175.478953
"Western Africa, regional",2024,216.961259
"Yemen",2007,0.133357
"Yemen",2008,13.930681
"Yemen",2009,43.576715
"Yemen",2010,51.846534
"Yemen",2011,9.177458
"Yemen",2012,0.242993
"Yemen",2013,8.478332
"Yemen",2014,5.977549
"Yemen",2015,9.115337
"Yemen",2016,2.255308
"Yemen",2017,0.00637
"Yemen",2018,16.276792
"Yemen",2019,52.350414
"Yemen",2020,2.26657
"Yemen",2021,64.076803
"Yemen",2022,62.636027
"Yemen",2023,66.171491
"Yemen",2024,88.78563
"Zambia",2007,25.937974
"Zambia",2008,30.095391
"Zambia",2009,83.282384
"Zambia",2010,22.924341
"Zambia",2011,145.399643
"Zambia",2012,60.248625
"Zambia",2013,40.760895
"Zambia",2014,164.2228
"Zambia",2015,68.398796
"Zambia",2016,215.877456
"Zambia",2017,171.703943
"Zambia",2018,128.757104
"Zambia",2019,124.752133
"Zambia",2020,49.678155
"Zambia",2021,35.073204
"Zambia",2022,228.921517
"Zambia",2023,332.604445
"Zambia",2024,259.567122
"Zimbabwe",2007,0.681354
"Zimbabwe",2008,0.452696
"Zimbabwe",2009,3.186952
"Zimbabwe",2010,12.5493
"Zimbabwe",2011,14.216946
"Zimbabwe",2012,8.310691
"Zimbabwe",2013,2.73207
"Zimbabwe",2014,3.812111
"Zimbabwe",2015,11.069614
"Zimbabwe",2016,20.393922
"Zimbabwe",2017,37.034537
"Zimbabwe",2018,32.271975
"Zimbabwe",2019,44.73668
"Zimbabwe",2020,24.563279
"Zimbabwe",2021,26.116643
"Zimbabwe",2022,71.786451
"Zimbabwe",2023,59.770093
"Zimbabwe",2024,140.308088
