"path","bytes","sha256"
".gitignore",307,"747fb16a895558ead61503b5820a1c716f53b4024e4e1983d14157f2481aae45"
".here",0,"e3b0c44298fc1c149afbf4c8996fb92427ae41e4649b934ca495991b7852b855"
"code/01_prepare_data.R",64969,"7e9e9482ee12775148fbe9a6175747cc40ae45d960dfc3a76c7eba32f716c75c"
"code/02_descriptive_stats.R",27767,"b227e7ae30217d058b3f7e4313c7ef47681ec26aa9144adb45ad07fb35dca9fe"
"code/03_main_results.R",44614,"929eb4ba79ed0bd868588d66281ea09726ead2d9d200f605c40b9b76afb8b42d"
"code/04_robustness.R",126587,"3c13f71a0bb77611d226cdbb9437f78a618396dc03bdd3bebd389bc242e20420"
"code/05_heterogeneity.R",103774,"922a72fec7c65c9b57a524397fc3e67fc338f7a2040539cfc0406f2c9ecb3009"
"code/07_principal_and_share.R",56862,"899c0c741b22e2c83530f512afbaee92c0721b112865ac842f3f9beed9010367"
"code/08_randomization_inference.R",42877,"0eb2da5e6541bc94ade5aa9ab4c1e3588d35a4ee6baabe9d8fe61d334652083c"
"code/09_remarking_decomposition.R",78097,"cc2a29cda2683ad8ef7f9c52cbc993f2bab24eec324907c887d4bfd1a00331c2"
"code/10_model_tests.R",33251,"a03bd424f55822b14acb4af0fc6c0d6c058c646b83361a409114b9641411b753"
"code/11_base_year_sensitivity.R",44396,"40d4ea36a47028c88c78b4b06be7716e14185773e7f62bb69a2841e52afee5fe"
"code/12_group_figures.R",14349,"bd9a24695bb6417689e94ff2d5cfe0ca2dbc547b26ee46ac9c0f7f5c9887df42"
"code/13_cohort_anticipation.R",80410,"c5ef06e2470023636b758fdc5e08d01252702c63e4cc9edf476ca0f350b3b332"
"code/14_hazard_napa.R",86025,"8722f944ec7c7025ebc20f3e55322d841fadd4073bcbb9af58fdf387543592c9"
"code/functions/crs_positive.R",1582,"9eb5047b3fb656c8a37a3bb1084d72f5cec9bcac062da5b09042ce8eadd644e0"
"code/functions/make_country_id.R",1970,"2495f6a27a0ef14479ee4a5c1bab09c315be7f886c54ac448b19c30c1afc75fa"
"code/functions/make_wide_table.R",13864,"e9e6a18af55a1e506962e88289af9d6093726af5c9c17d82ee56c6a181723b75"
"code/functions/mde.R",721,"1f1345bdf3727d653fe047a04437237b760a5a21a0a11f61572f70f70ca3574f"
"code/functions/pretrend_test.R",6827,"22bc4ea8fda6bdc910e8a49c6d5b004cb259fb3398d5b0423775f849729db9ad"
"code/functions/read_headline_fit.R",1703,"6cf4ac740c2998c2ffeee634489036622bb1e86f4b0b7b9156fb47a8cb68a9bf"
"code/functions/sup_t_crit.R",3304,"1ba29734df6875bfcfae3bc5028490eba5266755f792e7b4ef1df29b125da0f0"
"code/functions/two_line_head.R",1021,"12bdd435791f812cc4e92379c5c2a5d94e1ffa234b4fde9150b3baa230b59dfb"
"DATA_AVAILABILITY.md",323,"5a8830ee6ba1bb4362dc9d61cdd212d6d93583e05a88a5fa6edd3d6ca50dc2ec"
"data/processed/adaptationNAP_donortype_wgi.csv",1592137,"1537c75fa422fc3657a51006133ece4b22e72d352628a89fc5fa925b3d098203"
"data/processed/adaptationNAP.csv",155665,"0352382fad1237c87280b5f9a68996696c76381c294d3f08d7e53afcf8586ed9"
"data/processed/crs_adaptation_activities/crs_adaptation_activities_2009.csv.gz",5486300,"bc409a2a13b292469386d6477fe6e2abef610a299eb8f7cd2c536a952334c355"
"data/processed/crs_adaptation_activities/crs_adaptation_activities_2010.csv.gz",5448720,"ffe6d115bdde0eff9283144eeb4478858711007c641905afe2df55a202b97e54"
"data/processed/crs_adaptation_activities/crs_adaptation_activities_2011.csv.gz",5468670,"85a1f9d8aa58f8d8306912a53014288cc04ca4ec1cffdc2a19e05dae7bb37dfd"
"data/processed/crs_adaptation_activities/crs_adaptation_activities_2012.csv.gz",5502213,"8629b6d2b7a43526e7d20dcc7cf767507a03078da56ca9576f44d2224ffeb69c"
"data/processed/crs_adaptation_activities/crs_adaptation_activities_2013.csv.gz",5555525,"13ad1198bd77726a1e0c1f099101932bf2d391e734a2258d54f89c99665cc068"
"data/processed/crs_adaptation_activities/crs_adaptation_activities_2014.csv.gz",5632936,"37c477148050bd80d7cce46a3098487973e3af8f2ded53a07eb913448176de78"
"data/processed/crs_adaptation_activities/crs_adaptation_activities_2015.csv.gz",5533381,"cee6808072b0b62f0696f575900d53926f8734bb46de3df74453b4947644fc8a"
"data/processed/crs_adaptation_activities/crs_adaptation_activities_2016.csv.gz",6037308,"b0a5b00ac038e18268ad2c9a53b26647d15bd4d8cfe5e74d325f9468c3efbeeb"
"data/processed/crs_adaptation_activities/crs_adaptation_activities_2017.csv.gz",6361416,"3c1e7766e6b6bfa0a14e2c4cefaf80f71a6dff77f8cab22a30461d53573c606d"
"data/processed/crs_adaptation_activities/crs_adaptation_activities_2018.csv.gz",7334756,"502d6bc4ad1539d5433b9faa54a4e7e5af8db2040269daa7742603751e154395"
"data/processed/crs_adaptation_activities/crs_adaptation_activities_2019.csv.gz",7483738,"25c604ca3fa963d93b879ef984d9a52d4bf5be42fa79cab53a26ed0332a4fbac"
"data/processed/crs_adaptation_activities/crs_adaptation_activities_2020.csv.gz",7587168,"10e3e998ff02e919cf4e431775dd267937700e95b0b2f125ba5fb99ffa404e77"
"data/processed/crs_adaptation_activities/crs_adaptation_activities_2021.csv.gz",7871265,"c56277575791ff0e5f8f78e5ba96b83f9a0d31b2e49c8ff40739bc82cfc5fd56"
"data/processed/crs_adaptation_activities/crs_adaptation_activities_2022.csv.gz",7338530,"5d388e4de3d5e93a040d5804fb90f4e64d5999aa1e082007d0e92faabd145925"
"data/processed/crs_adaptation_activities/crs_adaptation_activities_2023.csv.gz",7560482,"e6a5e79bab1478d843ac5c7bc9e308cc7ccaeb13bb865473f036b54a9a903fcb"
"data/processed/crs_adaptation_activities/crs_adaptation_activities_2024.csv.gz",7460020,"1ef9b8d50c9c9ffb112b6fc6f610280bb19493b7d8e51de8a57e58356b21eabb"
"data/processed/donor_recipient_year_adaptation.csv",2045766,"933a87df862f12a4e131319f6bc99a282ad4590acde66e8b9ba02ab94981bd14"
"data/processed/donor_totals.csv",5668,"c3e25c7c3821ac88e8fc99f49f6885b4ae8008e1f609bcee443150087a7ff93c"
"data/processed/emergency_response_panel.csv",48864,"9c3de0d220087399dee9d50b7f48b4d8871d073f02cd9f06c4b271df6300442d"
"data/processed/mitigation_panel.csv",83672,"423796ed6c6511d497179a2757be8baa39c4d1799212c736b34c13ca3481a6f3"
"data/processed/napa_list.csv",5108,"1e39fb51230dece53a053ed53ec76aa0ae28c2f5347dc22cf5cd0608d5758e47"
"data/processed/simple_panel_wgi.csv",1708273,"80b95eb1b1520b5e6814a88e0e9f8293eebdf20c2682c13fd15460b30b4500a9"
"data/raw/CRS/crs_checksums.csv",1787,"4a8f8eb2cd14bbdb47b157e1232fb0ce60de5d0ff76e285420873ff77561173a"
"data/raw/CRS/README.md",2168,"7ae38d96119246921c2a64778e343ae3e7b3fd9c16ac5bb1695ba679d9fa265b"
"data/raw/emdat/README.md",4245,"edc8bd2b3fb167431cbce686bef1f1b9c571444234b1bb21370a359f3039b261"
"data/raw/napa/napa_list_unfccc.csv",5160,"bcf34444fc37e00cc2be8ea47cc325488d01bad0a629526ccac817a45359952d"
"data/raw/napa/README.md",893,"74c9e344c0599423ed7556a9e62ca5a41e7d76d8e3d6b15455331a9309552868"
"data/raw/napa/Submitted_NAPAs_UNFCCC.pdf",235656,"78a235af68dd3cd0e2e75770779535e8b771e8aea269b5aa06b988f86ac5b542"
"data/raw/oghist/OGHIST.xlsx",116890,"17eb9e67b2eaf7d489ceb303f39f53697ce5b6238ed13c0b11c0846c33024d7b"
"data/raw/PVCCI.csv",1055,"74200d420fe4af010cd99ed59d23f7d3be15aeae5ca9af8dd7ba2ed6d6f425ad"
"data/raw/shared_nap_data/nap_information.csv",3631,"95699a5675a58aaf9cef290c11dee234e3af8d49d1ae5e6e7847e137f294c525"
"data/raw/wdi_cache/wdi_additional.rds",286300,"7f45863efa94073f31ec48430d0c843bbc0ef619c2c58b7e409b8637263616fa"
"data/raw/wdi_cache/wdi_gdp.rds",37978,"f937ce64cb86ea109c939cb9dd05c9dcd36bdc5a825f9e89dd30a2f14206ec80"
"data/raw/wdi_cache/wdi_population.rds",25508,"e44d27f8b1d9c720c5a0bf28f61e9c3baeb2596fd7fe87f4332aa5a565d21cb8"
"data/raw/wdi_cache/wdi_wgi_ge.rds",31715,"9745d913f50ef4f2cdb22e1e40d24711ba38ba03860cc49b2441f442fbe6ff7f"
"LICENSE",2962,"ffff80e1c2b6528ba0de47079b0376f068625fed7c7a1488bec4d96cdf1ae9e1"
"output/figures/base_year/fig_es_full_window.png",114181,"255ba4477cc4515186d8a1713e0ae58d3c846166a2d2f3e4ca0b3f6c79d6e83c"
"output/figures/base_year/fig_pretrend_cells_by_cohort.png",144981,"bed64850422842d69b6db3acc6725161fa30b8305335ebc99d836e7caa59ec22"
"output/figures/cohorts_dropped/did_combined_cohort_wgi.png",99443,"0f4a917982573ee7013d131d030232d908d0ef5ab8aa616b6bfe448075a23646"
"output/figures/cohorts_dropped/did_combined_es_wgi.png",112426,"5dde1e039a88e987823be7fbd3ce37ea364cb9bff3c56de3b8e21072d0c28610"
"output/figures/cohorts_retained/did_combined_cohort_wgi.png",128490,"9e2c3c54376dd7edea5674377b146bd97ad9a83ff22d28ce7aaa8e468022e0f4"
"output/figures/cumulative_nap_adoption.png",97722,"c5a21aee3fce268a5e99ecd9825203743ceac708813b13427ca48d46aac645a3"
"output/figures/dcdh/did_dcdh_es.png",111066,"9abf713756c9406af4532e1a974cf7ca8253ed4a92c8cf0590849e69a70eb3e2"
"output/figures/group/adaptation_marginal.pdf",23288,"69eab81d3bee9bd29fa6b905b991131b37f06550a47fbc9ec206da4648e7a156"
"output/figures/group/adopter_vs_never.pdf",18526,"02a2efdbdb34561b0b046ebab82b42bccc7f6d6d2d3c157c12c6dcae6e2c13ee"
"output/figures/heterogeneity/fig_het_es_panel.png",215290,"23f5e2b6d3f1aaedf4f7d666611be0957483057d8fc73118ce0d26a58677450b"
"output/figures/mitigation/did_mitigation_es.png",68167,"7909736fd6403f180a4bca2b51354ce6978f015ebe4dc703c00ce925d23c6995"
"output/figures/nap_status_map.png",572562,"196014ba99bf8dfb3dfc3f0617addae9580cef8fe0b90ffadfa94b993ed8fbe9"
"output/figures/notyettreated/did_notyettreated_es.png",131347,"b99ad8ed8a6c0361dfe985b56d53a465bfafc7383fcb6b71f117c9763c358dc1"
"output/figures/placebo/did_placebo_es.png",68141,"29b2c7b183e1fbaa0692990b8831cb0bc455f784d854169ac8d4f9f789f56145"
"output/figures/principal_share/fig_share_reconciliation.png",277094,"f1d1aaabdf2c01943158ede40384e69f4e68095847864785fc3ff1d33fd16e3f"
"output/figures/principal_share/fig_within_share_es.png",187041,"6e6d676358657dc0dcd045a5b794ef3ba4ca747e9bd303f9d13957619da37747"
"output/figures/randomization/fig_ri_distributions.png",131931,"5c7eb5ebc56748d92e979405143428bc67257c19864cb4f8edb82740036b0d1f"
"output/figures/recipient_map.png",502482,"14f709151f370807c2bf2e84ab0ccbc4cf25fa85d553bab1e4bcfd1dceccd9b3"
"output/figures/top_donors.png",71486,"4d01fb54cd5d17d238fd8a6a0d40d936482fb40f54716dbea4737c85e8041a10"
"output/tables/anticipation/att_anticipation.tex",2664,"d09292990cba44edb8f31eb6aa71a63cf68aacc2ba3c8a0250b5555b02e317f8"
"output/tables/anticipation/att_eventdate.tex",2100,"a236a1dea58ab4af6e4b3a454dc12ca0f785ed3533e224f195b5cf53ac046dfe"
"output/tables/anticipation/att_placebo_ladder.tex",1470,"ec3bb67fa7f885b182cca045623760708bda83130b402878bdff090a8005bb92"
"output/tables/anticipation/cohort_redating_crosstab.tex",1716,"7571505e0b87f5eb539223501f27318adf0d985b828e6b502e56677c3e5886c0"
"output/tables/bacon/bacon_decomp.tex",1127,"fb7682ba43ddcddb0fbcbfd95b7e2c2e166f4865d1c5c5b0cd39bb6697831f8c"
"output/tables/balance_adopters.tex",1679,"3d07f78f5b8c397c4217258b20cf6a82b16912c0a3e23b29d32a001cf23bdb08"
"output/tables/balanced_panel/att_combined_wide.tex",2492,"d94cf42cc33de7fda6648c028c16f813cc00252dcfa60d93efe6739eb4a56177"
"output/tables/base_year/base_year_sensitivity_logit.tex",2180,"c516b837fe40739a82ee4da0193eaf7e06ca31cfbdcfd58ff10cbcfc53d3509b"
"output/tables/base_year/base_year_sensitivity.tex",3705,"e05b851134e5712fe6832c58042972e4b695b4d80e98babe19b00fb4d1df13f1"
"output/tables/base_year/pretrend_cells_2021.tex",1872,"95c6cfa75c69141bc36447b4cad2d5a72fbad9e3f7633fdad9c09859c27b76ea"
"output/tables/base_year/pretrend_tests_full.tex",2716,"44fbabcabb16cbe312051ec3ba8acc455b6a57991f5a2cb78efccd7fb3c334b5"
"output/tables/cohort_battery/att_2x2.tex",2940,"1bb4672acc633f8182e8fb9b52e0cf16bf69b421f3bff9b78f52bbf9cbb0cd1f"
"output/tables/cohort_battery/att_cohort_battery.tex",3895,"87a40bb723570a89771f7ade9ffd8770682d4897a90a278fd4e2b0e83719d9e8"
"output/tables/cohort_battery/cohort_contributions.tex",1269,"e66496cf50b513741dd013eadabd0d836ba7570363b51655b82307d18b5ea717"
"output/tables/cohorts_dropped/att_combined_wide.tex",2485,"1bce254d4ffd9232b1f6cd4bab8a83b819724bd9a8d9d7ef816246812a32f0d7"
"output/tables/cohorts_dropped/honestdid_prepriods.tex",1514,"3a0228e63534db62f38066071d144cb9b9f4c449ab5d89487b1b245f29da2874"
"output/tables/cohorts_dropped/honestdid_rm.tex",2311,"cc688a7aa08e6e25835d978b748b2d26729c2c78b66d0d7a4b72823ee4e460e6"
"output/tables/cohorts_dropped/honestdid_sd.tex",1650,"f7eb70a820e942524b822699cf7659634dd2c964d113cc59f307e56c7687421d"
"output/tables/cohorts_retained/att_combined_wide.tex",2386,"f85d81ba19264d37650ec264759c4d5a53c87d9a1d20bece667516b1faf60d88"
"output/tables/cohorts_retained/att_group_retained.tex",2885,"730605bcf08a6c1c2d4f42ca28c46bbe8d23608fa461630edc621f5e40595666"
"output/tables/dcdh/att_dcdh.tex",1706,"54a4d7593c62203546c84bd8c7471821d3ec8cce630db5f74b86a139749df71c"
"output/tables/extensive_margin/att_extensive.tex",1984,"4cb784597726d3b4c8275237b90985b4169811a54187c320e8df39b3bc847e6a"
"output/tables/hazard/att_hazard_controls.tex",2416,"af24c8bb653bd2a9b39fef9ad07f70b53b3344034dbafa2e44a8b9f8012cc981"
"output/tables/hazard/nap_timing_vs_emdat_hazard.tex",1680,"3e2eff21ead1a1a9ea43fab02113e4763e8f1122d4bdd6dd4af7ee1e36fb976a"
"output/tables/hazard/nap_timing_vs_humanitarian_aid.tex",1594,"56a6c8c2f507b5a3def353d54410b5ab5997f32603f48a9dc63e20224456bac9"
"output/tables/heterogeneity/donor_type/att_combined_wide.tex",2129,"d6ae00c673f4dab2bcdc33193ac106c4f310ecc40640a7023d04fc666f1cdb7b"
"output/tables/heterogeneity/donor_type/zero_shares.tex",1293,"a27eb82c3e285e04dc657483db31befd50d7555f5e7928cab4c6ff67e47c2942"
"output/tables/heterogeneity/governance/het_gov_wide.tex",2126,"f40f6ad4829699f92087db1538794cf19fb6b51be69956a6d09c527ff3b1a100"
"output/tables/heterogeneity/het_capacity.tex",2304,"9c63ec0913d658187277596043309a3f67a163dec1be342410beeb3e357a3355"
"output/tables/heterogeneity/het_difference_tests.tex",2609,"7234a4b01d025c3100bb98adb020226797d4f0e2aa80df0399256ae0f875cc9b"
"output/tables/heterogeneity/income_group/het_income_wide.tex",2443,"7a43eb97f2d88c6acca79e05c400e0e493430dce87fe2afe7f23595526b97d7e"
"output/tables/heterogeneity/ldc/het_ldc_wide.tex",2170,"7d1d7c34a38074579b2ae81ae6175f5bbcb53cd6fd868bc88478f437554f97ae"
"output/tables/mitigation/att_mitigation.tex",1860,"3f368004943eda68cc86618aff991a9a878465e015b23908c55f9af55e8f6077"
"output/tables/model_tests/alpha_half.tex",2332,"d2351b198ccac1ae3cd4c8092519c730c7039ee65ce4ecc28608e9ad13ac58b0"
"output/tables/model_tests/lemma2_size.tex",1869,"3c39cd660da826f2050788028a7c50b006b0eef315c00e210a61fd9100a72f84"
"output/tables/nap_cohorts.tex",1043,"a6e94167e10e2247f1402db35051b412a80d63de18c8165336fd179bd49e550a"
"output/tables/napa/att_napa_falsification.tex",1220,"59ffee8182e572f49d0fa9a4758f0c9d052625b898e01ff41ea48d20206dab7f"
"output/tables/napa/att_prior_napa_split.tex",1362,"84dfc57beeaf7a0d3677fb82cbcb32b81fb09b41d4fdf5772d99e6727ce7ffdf"
"output/tables/notyettreated/att_notyettreated_wide.tex",2492,"6ced653f601e206dc5bf8dfc60a389d6a6bbac00925a0e38f863c58dafcdf56e"
"output/tables/outlier_india/att_combined_wide.tex",2489,"c1d4a19385bea3119d5884d8d76cdb90013ceed21f9af539410891bbeeb28943"
"output/tables/panel_2010/att_combined_wide.tex",2469,"a6183861d164e6c8260c3c42f893064ab3b2475b6374d22341453d7d97f1cf33"
"output/tables/placebo/att_placebo.tex",1767,"4c37965fac4f624a4cf94e9b27a27c274c0ca51feeb8d632e1dbc6bb083a41a2"
"output/tables/principal_share/principal_retained.tex",1701,"1dd043a5d8843c380230baff3d83ae95521816f3cb31a94e8d6feb850b8b8998"
"output/tables/principal_share/principal_wide.tex",2351,"ca8c8b44bdda003c976e0ecb96880c471ebfe33f6018de6545ec05965666bbf4"
"output/tables/principal_share/share_reconciliation.tex",2249,"240720128391737a22a369370e3720dfc02d03090c1a35977f6edd5bac20ecad"
"output/tables/principal_share/within_share_wide.tex",1709,"ec1d5f40cadac643c03decdc1b9ab0bddf14784be53331db7f7fccaacaa42872"
"output/tables/randomization/ri_draws.csv",4905361,"546c589208a360545bd8f1eb33f12ac73c81e1a31b7dc750021130e071b7dc1f"
"output/tables/randomization/ri_pvalues.tex",2008,"3d4bdefcfbd42909473a9528a1856a5dccf7c83876ef07a02dd38cf4ca02c7ec"
"output/tables/remarking/att_remarking_counts.tex",1497,"2863a98fd390f5bc4c2b54063f19a1d5cc061c702be4aebedd0f2cc0072fbd75"
"output/tables/remarking/att_remarking_exclusions_regex_comparison.tex",1981,"2ae750ac3bf46722a15defc78e4bec0a477302ebe64c8492c3a930f40bfc0e51"
"output/tables/remarking/att_remarking_exclusions.tex",1916,"29dff52e3dfbf232b3235a50d3344be1bb130d753ceb6556b9ee89779f85af91"
"output/tables/remarking/att_remarking_margins.tex",2892,"9074677adaccd1ac9fdfa042863350b43499216042811c0518a662cf4a69768c"
"output/tables/remarking/remarking_flag_shares_by_group.tex",2871,"a6ae73b3c10ed97dce8c9e3752bbe76f727721d3d84d31996fe898795908d1a0"
"output/tables/remarking/tab_remarking_sectors.tex",1687,"110b710752bffd9750dae32f97b6f5535985857861743b93c49bb49921c91ca2"
"output/tables/scope/flow_type_shares.tex",630,"83864ee548b3aa3dbe3d2c043269b7921db55122e79814a92bce6100c3b5020f"
"output/tables/scope/regional_exclusion.tex",1476,"85c3c1e606b45c181d6ffd4df0899327014f74f092a0cab12c6c4c64fc91ebac"
"output/tables/scope/sample_funnel.tex",641,"a224cdf27410063407e3aa07fe1c7160e132467a8c81e392eff8685a028dae7c"
"output/tables/stats_des.tex",1839,"fe93c01bf261a85203223a15405f016d1466933d18f886161549639c5e2e96f1"
"output/tables/units_zeros/diagnostic_units_zeros.tex",2128,"301cf09a61b1985dc6cfd35e70b1abc5c57d900a489066e04ddfbcd4986c9def"
"README.md",40233,"7531b0b661e0bc9b6d6ec1b785904de3f310f7839b9742bed44c7c9726312219"
"renv.lock",422529,"9f3a31a01c238418849497bf1892bd9ae7b522a19adf41e087277e029119a00e"
"run_all.R",17169,"9bf71a958b7d34687862fc30b85a55c3b44e65980e96d54eec4032cc01b2c0af"
